draw_id,date,slot,numero,reventado,mega_reventados
20681,2023-08-17,Mediodia,41,1,00
20682,2023-08-17,Tarde,03,0,00
20683,2023-08-17,Noche,77,0,00
20684,2023-08-18,Mediodia,51,0,00
20685,2023-08-18,Tarde,82,0,00
20686,2023-08-18,Noche,63,0,00
20687,2023-08-19,Mediodia,78,0,00
20688,2023-08-19,Tarde,19,0,00
20689,2023-08-19,Noche,61,1,00
20690,2023-08-20,Mediodia,71,0,00
20691,2023-08-20,Tarde,64,1,00
20692,2023-08-20,Noche,94,1,00
20693,2023-08-21,Mediodia,01,0,00
20694,2023-08-21,Tarde,71,0,00
20695,2023-08-21,Noche,93,1,00
20696,2023-08-22,Mediodia,42,0,00
20697,2023-08-22,Tarde,29,0,00
20698,2023-08-22,Noche,09,0,00
20699,2023-08-23,Mediodia,91,0,00
20700,2023-08-23,Tarde,44,0,00
20701,2023-08-23,Noche,37,0,00
20702,2023-08-24,Mediodia,01,0,00
20703,2023-08-24,Tarde,16,0,00
20704,2023-08-24,Noche,88,0,00
20705,2023-08-25,Mediodia,00,0,00
20706,2023-08-25,Tarde,78,0,00
20707,2023-08-25,Noche,19,0,00
20708,2023-08-26,Mediodia,66,1,00
20709,2023-08-26,Tarde,44,1,00
20710,2023-08-26,Noche,35,0,00
20711,2023-08-27,Mediodia,30,0,00
20712,2023-08-27,Tarde,48,1,00
20713,2023-08-27,Noche,67,1,00
20714,2023-08-28,Mediodia,32,1,00
20715,2023-08-28,Tarde,03,0,00
20716,2023-08-28,Noche,91,1,00
20717,2023-08-29,Mediodia,21,1,00
20718,2023-08-29,Tarde,70,0,00
20719,2023-08-29,Noche,42,0,00
20720,2023-08-30,Mediodia,99,0,00
20721,2023-08-30,Tarde,97,1,00
20722,2023-08-30,Noche,82,0,00
20723,2023-08-31,Mediodia,92,0,00
20724,2023-08-31,Tarde,10,0,00
20725,2023-08-31,Noche,32,1,00
20729,2023-09-02,Mediodia,60,1,00
20730,2023-09-02,Tarde,20,1,00
20731,2023-09-02,Noche,81,0,00
20732,2023-09-03,Mediodia,73,0,00
20733,2023-09-03,Tarde,72,0,00
20734,2023-09-03,Noche,65,0,00
20735,2023-09-04,Mediodia,07,1,56
20736,2023-09-04,Tarde,91,0,99
20737,2023-09-04,Noche,87,0,23
20738,2023-09-05,Mediodia,51,0,84
20739,2023-09-05,Tarde,20,0,85
20740,2023-09-05,Noche,64,1,79
20741,2023-09-06,Mediodia,44,0,77
20742,2023-09-06,Tarde,77,1,30
20743,2023-09-06,Noche,18,1,58
20744,2023-09-07,Mediodia,99,0,65
20745,2023-09-07,Tarde,39,0,81
20746,2023-09-07,Noche,30,0,18
20747,2023-09-08,Mediodia,93,0,78
20748,2023-09-08,Tarde,41,0,46
20749,2023-09-08,Noche,49,0,26
20750,2023-09-09,Mediodia,03,0,74
20751,2023-09-09,Tarde,93,1,92
20752,2023-09-09,Noche,09,0,88
20753,2023-09-10,Mediodia,26,0,62
20754,2023-09-10,Tarde,55,1,31
20755,2023-09-10,Noche,72,1,18
20756,2023-09-11,Mediodia,74,0,28
20757,2023-09-11,Tarde,00,0,65
20758,2023-09-11,Noche,13,0,78
20759,2023-09-12,Mediodia,64,0,56
20760,2023-09-12,Tarde,27,1,71
20761,2023-09-12,Noche,27,1,64
20762,2023-09-13,Mediodia,68,0,42
20763,2023-09-13,Tarde,52,0,16
20764,2023-09-13,Noche,82,0,79
20765,2023-09-14,Mediodia,62,0,06
20766,2023-09-14,Tarde,14,0,24
20767,2023-09-14,Noche,51,0,13
20768,2023-09-15,Mediodia,56,0,36
20769,2023-09-15,Tarde,82,0,25
20770,2023-09-15,Noche,64,0,01
20771,2023-09-16,Mediodia,39,0,82
20772,2023-09-16,Tarde,64,0,58
20773,2023-09-16,Noche,96,0,39
20774,2023-09-17,Mediodia,77,0,67
20775,2023-09-17,Tarde,53,0,21
20776,2023-09-17,Noche,19,1,02
20777,2023-09-18,Mediodia,24,0,61
20778,2023-09-18,Tarde,29,0,12
20779,2023-09-18,Noche,11,1,18
20780,2023-09-19,Mediodia,46,0,74
20781,2023-09-19,Tarde,35,1,13
20782,2023-09-19,Noche,17,0,44
20783,2023-09-20,Mediodia,62,0,99
20784,2023-09-20,Tarde,87,1,51
20785,2023-09-20,Noche,37,1,30
20786,2023-09-21,Mediodia,43,0,43
20787,2023-09-21,Tarde,92,0,89
20788,2023-09-21,Noche,83,1,96
20789,2023-09-22,Mediodia,46,0,08
20790,2023-09-22,Tarde,43,0,71
20791,2023-09-22,Noche,01,0,73
20792,2023-09-23,Mediodia,48,0,26
20793,2023-09-23,Tarde,09,0,31
20794,2023-09-23,Noche,33,0,29
20795,2023-09-24,Mediodia,74,0,02
20796,2023-09-24,Tarde,98,0,41
20797,2023-09-24,Noche,11,0,55
20798,2023-09-25,Mediodia,75,0,63
20799,2023-09-25,Tarde,06,1,96
20800,2023-09-25,Noche,04,0,28
20801,2023-09-26,Mediodia,40,0,45
20802,2023-09-26,Tarde,87,0,71
20803,2023-09-26,Noche,67,1,09
20804,2023-09-27,Mediodia,57,0,03
20805,2023-09-27,Tarde,23,1,71
20806,2023-09-27,Noche,54,1,36
20807,2023-09-28,Mediodia,15,0,98
20808,2023-09-28,Tarde,63,0,67
20809,2023-09-28,Noche,69,1,53
20810,2023-09-29,Mediodia,24,0,49
20811,2023-09-29,Tarde,57,0,51
20812,2023-09-29,Noche,70,1,61
20813,2023-09-30,Mediodia,30,0,96
20814,2023-09-30,Tarde,50,0,12
20815,2023-09-30,Noche,36,0,40
20816,2023-10-01,Mediodia,49,0,44
20817,2023-10-01,Tarde,88,0,90
20818,2023-10-01,Noche,79,1,87
20819,2023-10-02,Mediodia,70,0,36
20820,2023-10-02,Tarde,39,0,21
20821,2023-10-02,Noche,07,0,03
20822,2023-10-03,Mediodia,69,0,09
20823,2023-10-03,Tarde,29,0,16
20824,2023-10-03,Noche,90,0,83
20825,2023-10-04,Mediodia,91,0,06
20826,2023-10-04,Tarde,71,0,30
20827,2023-10-04,Noche,06,0,01
20828,2023-10-05,Mediodia,20,0,55
20829,2023-10-05,Tarde,86,0,92
20830,2023-10-05,Noche,24,0,51
20831,2023-10-06,Mediodia,88,0,37
20832,2023-10-06,Tarde,11,0,89
20833,2023-10-06,Noche,93,0,44
20834,2023-10-07,Mediodia,80,0,54
20835,2023-10-07,Tarde,18,1,49
20836,2023-10-07,Noche,60,0,49
20837,2023-10-08,Mediodia,38,0,44
20838,2023-10-08,Tarde,02,0,31
20839,2023-10-08,Noche,51,0,00
20840,2023-10-09,Mediodia,35,0,14
20841,2023-10-09,Tarde,32,0,12
20842,2023-10-09,Noche,09,0,16
20843,2023-10-10,Mediodia,07,0,45
20844,2023-10-10,Tarde,62,0,44
20845,2023-10-10,Noche,73,0,11
20846,2023-10-11,Mediodia,52,0,49
20847,2023-10-11,Tarde,84,0,13
20848,2023-10-11,Noche,63,1,36
20849,2023-10-12,Mediodia,25,0,69
20850,2023-10-12,Tarde,61,1,14
20851,2023-10-12,Noche,20,1,56
20852,2023-10-13,Mediodia,07,0,24
20853,2023-10-13,Tarde,97,1,17
20854,2023-10-13,Noche,57,0,75
20855,2023-10-14,Mediodia,74,0,03
20856,2023-10-14,Tarde,02,0,48
20857,2023-10-14,Noche,21,0,48
20858,2023-10-15,Mediodia,55,0,77
20859,2023-10-15,Tarde,92,0,95
20860,2023-10-15,Noche,41,0,57
20861,2023-10-16,Mediodia,52,0,98
20862,2023-10-16,Tarde,15,0,12
20863,2023-10-16,Noche,00,0,80
20864,2023-10-17,Mediodia,85,1,63
20865,2023-10-17,Tarde,26,0,73
20866,2023-10-17,Noche,25,0,15
20867,2023-10-18,Mediodia,70,0,31
20868,2023-10-18,Tarde,63,1,76
20876,2023-10-21,Mediodia,62,0,79
20877,2023-10-21,Tarde,82,1,94
20878,2023-10-21,Noche,90,0,88
20879,2023-10-22,Mediodia,11,0,64
20880,2023-10-22,Tarde,08,1,28
20881,2023-10-22,Noche,98,1,20
20882,2023-10-23,Mediodia,94,0,32
20883,2023-10-23,Tarde,67,0,90
20884,2023-10-23,Noche,72,1,46
20885,2023-10-24,Mediodia,29,0,42
20886,2023-10-24,Tarde,31,0,91
20887,2023-10-24,Noche,71,0,90
20888,2023-10-25,Mediodia,05,0,87
20889,2023-10-25,Tarde,98,1,40
20890,2023-10-25,Noche,39,0,38
20891,2023-10-26,Mediodia,78,0,18
20892,2023-10-26,Tarde,52,1,09
20893,2023-10-26,Noche,89,0,87
20894,2023-10-27,Mediodia,75,0,94
20895,2023-10-27,Tarde,90,1,66
20896,2023-10-27,Noche,27,1,41
20897,2023-10-28,Mediodia,28,0,82
20898,2023-10-28,Tarde,95,1,96
20899,2023-10-28,Noche,04,0,66
20900,2023-10-29,Mediodia,88,0,08
20901,2023-10-29,Tarde,69,1,73
20902,2023-10-29,Noche,84,1,24
20903,2023-10-30,Mediodia,34,0,86
20904,2023-10-30,Tarde,39,0,78
20905,2023-10-30,Noche,68,0,25
20906,2023-10-31,Mediodia,88,0,55
20907,2023-10-31,Tarde,00,0,92
20908,2023-10-31,Noche,64,0,69
20909,2023-11-01,Mediodia,92,0,53
20910,2023-11-01,Tarde,03,0,16
20911,2023-11-01,Noche,41,0,21
20912,2023-11-02,Mediodia,22,0,31
20913,2023-11-02,Tarde,81,0,29
20914,2023-11-02,Noche,81,0,62
20915,2023-11-03,Mediodia,88,0,37
20916,2023-11-03,Tarde,94,0,51
20917,2023-11-03,Noche,79,1,31
20918,2023-11-04,Mediodia,52,0,74
20919,2023-11-04,Tarde,13,0,32
20920,2023-11-04,Noche,86,1,17
20921,2023-11-05,Mediodia,36,0,47
20922,2023-11-05,Tarde,66,0,71
20923,2023-11-05,Noche,63,1,86
20924,2023-11-06,Mediodia,74,0,38
20925,2023-11-06,Tarde,14,1,68
20926,2023-11-06,Noche,56,0,28
20927,2023-11-07,Mediodia,60,0,14
20928,2023-11-07,Tarde,06,0,57
20929,2023-11-07,Noche,55,0,00
20930,2023-11-08,Mediodia,12,0,77
20931,2023-11-08,Tarde,57,0,88
20932,2023-11-08,Noche,98,1,52
20933,2023-11-09,Mediodia,18,0,76
20934,2023-11-09,Tarde,15,1,35
20935,2023-11-09,Noche,28,0,12
20936,2023-11-10,Mediodia,14,0,56
20937,2023-11-10,Tarde,38,0,65
20938,2023-11-10,Noche,18,0,75
20939,2023-11-11,Mediodia,37,0,11
20940,2023-11-11,Tarde,76,1,49
20941,2023-11-11,Noche,94,0,98
20942,2023-11-12,Mediodia,40,0,87
20943,2023-11-12,Tarde,49,1,39
20944,2023-11-12,Noche,44,0,80
20945,2023-11-13,Mediodia,56,0,29
20946,2023-11-13,Tarde,09,0,65
20947,2023-11-13,Noche,57,0,37
20948,2023-11-14,Mediodia,63,0,12
20949,2023-11-14,Tarde,19,1,86
20950,2023-11-14,Noche,53,1,01
20951,2023-11-15,Mediodia,72,0,29
20952,2023-11-15,Tarde,70,1,85
20953,2023-11-15,Noche,02,0,28
20954,2023-11-16,Mediodia,84,0,47
20955,2023-11-16,Tarde,58,1,37
20956,2023-11-16,Noche,03,1,10
20957,2023-11-17,Mediodia,35,0,96
20958,2023-11-17,Tarde,70,0,45
20959,2023-11-17,Noche,57,1,66
20960,2023-11-18,Mediodia,68,0,47
20961,2023-11-18,Tarde,64,0,34
20962,2023-11-18,Noche,72,1,16
20963,2023-11-19,Mediodia,60,0,62
20964,2023-11-19,Tarde,51,0,42
20965,2023-11-19,Noche,27,0,00
20966,2023-11-20,Mediodia,09,0,92
20967,2023-11-20,Tarde,08,1,18
20968,2023-11-20,Noche,42,1,44
20969,2023-11-21,Mediodia,42,0,68
20970,2023-11-21,Tarde,41,1,38
20971,2023-11-21,Noche,27,1,00
20972,2023-11-22,Mediodia,84,0,80
20973,2023-11-22,Tarde,78,1,00
20974,2023-11-22,Noche,09,0,91
20975,2023-11-23,Mediodia,24,0,31
20976,2023-11-23,Tarde,83,0,04
20977,2023-11-23,Noche,86,0,25
20978,2023-11-24,Mediodia,04,0,96
20979,2023-11-24,Tarde,46,0,36
20980,2023-11-24,Noche,69,0,00
20981,2023-11-25,Mediodia,21,0,31
20982,2023-11-25,Tarde,48,0,63
20983,2023-11-25,Noche,51,0,07
20984,2023-11-26,Mediodia,98,0,29
20985,2023-11-26,Tarde,89,1,89
20986,2023-11-26,Noche,15,0,61
20987,2023-11-27,Mediodia,60,0,43
20988,2023-11-27,Tarde,89,0,34
20989,2023-11-27,Noche,10,0,08
20990,2023-11-28,Mediodia,75,0,54
20991,2023-11-28,Tarde,52,1,27
20992,2023-11-28,Noche,36,0,47
20993,2023-11-29,Mediodia,64,0,34
20994,2023-11-29,Tarde,41,1,07
20995,2023-11-29,Noche,98,0,07
20996,2023-11-30,Mediodia,68,0,39
20997,2023-11-30,Tarde,02,0,92
20998,2023-11-30,Noche,31,1,68
20999,2023-12-01,Mediodia,50,0,05
21000,2023-12-01,Tarde,30,0,43
21001,2023-12-01,Noche,75,0,21
21002,2023-12-02,Mediodia,80,0,06
21003,2023-12-02,Tarde,59,0,84
21004,2023-12-02,Noche,78,1,99
21005,2023-12-03,Mediodia,76,0,52
21006,2023-12-03,Tarde,36,0,79
21007,2023-12-03,Noche,20,0,58
21008,2023-12-04,Mediodia,06,0,13
21009,2023-12-04,Tarde,09,1,00
21010,2023-12-04,Noche,92,0,30
21011,2023-12-05,Mediodia,68,0,53
21012,2023-12-05,Tarde,48,0,99
21013,2023-12-05,Noche,70,0,80
21014,2023-12-06,Mediodia,04,0,59
21015,2023-12-06,Tarde,01,0,30
21016,2023-12-06,Noche,54,0,55
21017,2023-12-07,Mediodia,95,0,16
21018,2023-12-07,Tarde,45,1,97
21019,2023-12-07,Noche,66,0,64
21020,2023-12-08,Mediodia,77,0,37
21021,2023-12-08,Tarde,47,0,21
21022,2023-12-08,Noche,12,0,79
21023,2023-12-09,Mediodia,79,0,97
21024,2023-12-09,Tarde,96,0,83
21025,2023-12-09,Noche,72,0,83
21026,2023-12-10,Mediodia,69,0,48
21027,2023-12-10,Tarde,98,0,66
21028,2023-12-10,Noche,64,1,20
21029,2023-12-11,Mediodia,93,0,64
21030,2023-12-11,Tarde,65,0,08
21031,2023-12-11,Noche,40,1,20
21032,2023-12-12,Mediodia,45,0,72
21033,2023-12-12,Tarde,59,0,78
21034,2023-12-12,Noche,78,0,57
21035,2023-12-13,Mediodia,08,0,12
21036,2023-12-13,Tarde,49,0,16
21037,2023-12-13,Noche,32,0,25
21038,2023-12-14,Mediodia,86,0,18
21039,2023-12-14,Tarde,25,0,38
21040,2023-12-14,Noche,63,1,83
21041,2023-12-15,Mediodia,31,0,32
21042,2023-12-15,Tarde,22,0,89
21043,2023-12-15,Noche,31,1,00
21044,2023-12-16,Mediodia,35,0,41
21045,2023-12-16,Tarde,43,0,91
21046,2023-12-16,Noche,05,1,69
21047,2023-12-17,Mediodia,30,0,61
21048,2023-12-17,Tarde,84,0,24
21049,2023-12-17,Noche,94,1,04
21050,2023-12-18,Mediodia,47,0,36
21051,2023-12-18,Tarde,54,0,47
21052,2023-12-18,Noche,95,0,73
21053,2023-12-19,Mediodia,73,0,90
21054,2023-12-19,Tarde,59,0,56
21055,2023-12-19,Noche,36,0,58
21056,2023-12-20,Mediodia,70,0,81
21057,2023-12-20,Tarde,43,0,05
21058,2023-12-20,Noche,32,0,09
21059,2023-12-21,Mediodia,42,0,12
21060,2023-12-21,Tarde,35,0,48
21061,2023-12-21,Noche,04,0,09
21062,2023-12-22,Mediodia,79,0,45
21063,2023-12-22,Tarde,79,1,41
21064,2023-12-22,Noche,92,1,70
21065,2023-12-23,Mediodia,85,0,53
21066,2023-12-23,Tarde,86,0,20
21067,2023-12-23,Noche,98,0,02
21068,2023-12-24,Mediodia,72,0,60
21069,2023-12-24,Tarde,92,1,55
21070,2023-12-26,Mediodia,27,0,26
21071,2023-12-26,Tarde,02,0,16
21072,2023-12-26,Noche,84,0,03
21073,2023-12-27,Mediodia,32,0,33
21074,2023-12-27,Tarde,95,0,79
21075,2023-12-27,Noche,18,1,50
21076,2023-12-28,Mediodia,38,0,89
21077,2023-12-28,Tarde,95,0,32
21078,2023-12-28,Noche,34,0,64
21079,2023-12-29,Mediodia,40,0,74
21080,2023-12-29,Tarde,38,0,91
21081,2023-12-29,Noche,68,0,21
21082,2023-12-30,Mediodia,81,0,53
21083,2023-12-30,Tarde,91,0,67
21084,2023-12-30,Noche,55,0,75
21085,2023-12-31,Mediodia,28,0,43
21086,2023-12-31,Noche,16,0,45
21087,2024-01-02,Mediodia,34,0,53
21088,2024-01-02,Tarde,14,1,67
21089,2024-01-02,Noche,37,0,41
21090,2024-01-03,Mediodia,97,0,54
21091,2024-01-03,Tarde,94,1,75
21092,2024-01-03,Noche,30,0,28
21093,2024-01-04,Mediodia,88,0,79
21094,2024-01-04,Tarde,42,0,95
21095,2024-01-04,Noche,51,0,44
21096,2024-01-05,Mediodia,64,0,77
21097,2024-01-05,Tarde,74,0,73
21098,2024-01-05,Noche,73,1,97
21099,2024-01-06,Mediodia,77,0,27
21100,2024-01-06,Tarde,92,1,90
21101,2024-01-06,Noche,68,0,42
21102,2024-01-07,Mediodia,98,0,11
21103,2024-01-07,Tarde,57,0,79
21104,2024-01-07,Noche,60,0,00
21105,2024-01-08,Mediodia,27,0,96
21106,2024-01-08,Tarde,69,0,36
21107,2024-01-08,Noche,89,1,54
21108,2024-01-09,Mediodia,58,0,82
21109,2024-01-09,Tarde,33,0,22
21110,2024-01-09,Noche,66,0,26
21111,2024-01-10,Mediodia,70,0,33
21112,2024-01-10,Tarde,77,0,65
21113,2024-01-10,Noche,24,0,91
21114,2024-01-11,Mediodia,01,0,59
21115,2024-01-11,Tarde,24,1,18
21116,2024-01-11,Noche,08,0,86
21117,2024-01-12,Mediodia,76,0,16
21118,2024-01-12,Tarde,42,0,41
21119,2024-01-12,Noche,03,0,00
21120,2024-01-13,Mediodia,73,0,97
21121,2024-01-13,Tarde,11,0,83
21122,2024-01-13,Noche,40,0,57
21123,2024-01-14,Mediodia,76,0,01
21124,2024-01-14,Tarde,36,0,43
21125,2024-01-14,Noche,41,1,01
21126,2024-01-15,Mediodia,75,0,86
21127,2024-01-15,Tarde,59,0,84
21128,2024-01-15,Noche,92,0,16
21129,2024-01-16,Mediodia,66,0,63
21130,2024-01-16,Tarde,79,0,38
21131,2024-01-16,Noche,49,0,00
21132,2024-01-17,Mediodia,55,0,47
21133,2024-01-17,Tarde,10,1,62
21134,2024-01-17,Noche,62,0,02
21135,2024-01-18,Mediodia,29,0,82
21136,2024-01-18,Tarde,40,1,78
21137,2024-01-18,Noche,20,0,82
21138,2024-01-19,Mediodia,19,0,23
21139,2024-01-19,Tarde,62,1,25
21140,2024-01-19,Noche,98,0,00
21141,2024-01-20,Mediodia,48,0,36
21142,2024-01-20,Tarde,62,0,07
21143,2024-01-20,Noche,67,0,99
21144,2024-01-21,Mediodia,95,0,88
21145,2024-01-21,Tarde,60,1,57
21146,2024-01-21,Noche,44,1,68
21147,2024-01-22,Mediodia,45,0,67
21148,2024-01-22,Tarde,63,0,38
21149,2024-01-22,Noche,95,0,27
21150,2024-01-23,Mediodia,28,0,73
21151,2024-01-23,Tarde,47,1,53
21152,2024-01-23,Noche,51,0,76
21153,2024-01-24,Mediodia,33,0,45
21154,2024-01-24,Tarde,19,0,78
21155,2024-01-24,Noche,76,0,64
21156,2024-01-25,Mediodia,64,0,49
21157,2024-01-25,Tarde,20,0,05
21158,2024-01-25,Noche,64,0,31
21159,2024-01-26,Mediodia,87,0,99
21160,2024-01-26,Tarde,89,0,38
21161,2024-01-26,Noche,10,1,00
21162,2024-01-27,Mediodia,69,0,00
21163,2024-01-27,Tarde,44,0,57
21164,2024-01-27,Noche,01,1,48
21165,2024-01-28,Mediodia,33,0,75
21166,2024-01-28,Tarde,49,0,89
21167,2024-01-28,Noche,07,1,00
21168,2024-01-29,Mediodia,51,0,47
21169,2024-01-29,Tarde,01,0,75
21170,2024-01-29,Noche,33,1,00
21171,2024-01-30,Mediodia,14,0,30
21172,2024-01-30,Tarde,38,0,90
21173,2024-01-30,Noche,27,0,76
21174,2024-01-31,Mediodia,01,0,40
21175,2024-01-31,Tarde,19,0,71
21176,2024-01-31,Noche,17,1,07
21177,2024-02-01,Mediodia,13,0,18
21178,2024-02-01,Tarde,85,1,57
21179,2024-02-01,Noche,06,0,75
21180,2024-02-02,Mediodia,58,0,01
21181,2024-02-02,Tarde,69,1,67
21182,2024-02-02,Noche,39,0,56
21183,2024-02-03,Mediodia,64,0,95
21184,2024-02-03,Tarde,14,1,26
21185,2024-02-03,Noche,01,0,52
21186,2024-02-04,Mediodia,44,0,33
21187,2024-02-04,Tarde,81,0,66
21188,2024-02-04,Noche,89,0,96
21189,2024-02-05,Mediodia,21,0,49
21190,2024-02-05,Tarde,36,1,06
21191,2024-02-05,Noche,19,0,89
21192,2024-02-06,Mediodia,13,0,11
21193,2024-02-06,Tarde,93,0,72
21194,2024-02-06,Noche,80,0,00
21195,2024-02-07,Mediodia,53,0,35
21196,2024-02-07,Tarde,98,0,21
21197,2024-02-07,Noche,00,0,60
21198,2024-02-08,Mediodia,90,0,25
21199,2024-02-08,Tarde,28,0,86
21200,2024-02-08,Noche,73,0,54
21201,2024-02-09,Mediodia,26,0,08
21202,2024-02-09,Tarde,92,1,89
21203,2024-02-09,Noche,74,0,57
21204,2024-02-10,Mediodia,30,0,22
21205,2024-02-10,Tarde,13,0,28
21206,2024-02-10,Noche,11,0,56
21207,2024-02-11,Mediodia,55,0,09
21208,2024-02-11,Tarde,60,0,30
21209,2024-02-11,Noche,94,0,00
21210,2024-02-12,Mediodia,74,0,77
21211,2024-02-12,Tarde,51,1,58
21212,2024-02-12,Noche,24,0,19
21213,2024-02-13,Mediodia,62,0,21
21214,2024-02-13,Tarde,67,0,68
21215,2024-02-13,Noche,06,0,37
21216,2024-02-14,Mediodia,67,0,19
21217,2024-02-14,Tarde,80,1,08
21218,2024-02-14,Noche,89,0,81
21219,2024-02-15,Mediodia,40,0,67
21220,2024-02-15,Tarde,77,0,40
21221,2024-02-15,Noche,01,1,96
21222,2024-02-16,Mediodia,21,0,19
21223,2024-02-16,Tarde,40,0,26
21224,2024-02-16,Noche,44,1,00
21225,2024-02-17,Mediodia,71,0,77
21226,2024-02-17,Tarde,16,0,50
21227,2024-02-17,Noche,28,0,40
21228,2024-02-18,Mediodia,51,0,02
21229,2024-02-18,Tarde,02,0,45
21230,2024-02-18,Noche,66,0,05
21231,2024-02-19,Mediodia,66,0,35
21232,2024-02-19,Tarde,45,0,23
21233,2024-02-19,Noche,99,0,29
21234,2024-02-20,Mediodia,42,0,18
21235,2024-02-20,Tarde,97,0,19
21236,2024-02-20,Noche,30,1,71
21237,2024-02-21,Mediodia,72,0,41
21238,2024-02-21,Tarde,20,0,28
21239,2024-02-21,Noche,23,1,09
21240,2024-02-22,Mediodia,43,0,55
21241,2024-02-22,Tarde,48,0,50
21242,2024-02-22,Noche,00,0,03
21243,2024-02-23,Mediodia,91,0,33
21244,2024-02-23,Tarde,35,0,38
21245,2024-02-23,Noche,06,0,91
21246,2024-02-24,Mediodia,58,0,58
21247,2024-02-24,Tarde,46,0,25
21248,2024-02-24,Noche,84,1,69
21249,2024-02-25,Mediodia,50,0,25
21250,2024-02-25,Tarde,00,0,70
21251,2024-02-25,Noche,80,0,69
21252,2024-02-26,Mediodia,12,0,80
21253,2024-02-26,Tarde,49,0,88
21254,2024-02-26,Noche,53,0,90
21255,2024-02-27,Mediodia,89,0,08
21256,2024-02-27,Tarde,43,0,81
21257,2024-02-27,Noche,84,0,62
21258,2024-02-28,Mediodia,29,0,19
21259,2024-02-28,Tarde,23,1,59
21260,2024-02-28,Noche,97,0,46
21261,2024-02-29,Mediodia,31,0,86
21262,2024-02-29,Tarde,98,1,92
21263,2024-02-29,Noche,72,0,33
21264,2024-03-01,Mediodia,86,0,45
21265,2024-03-01,Tarde,58,0,94
21266,2024-03-01,Noche,34,1,24
21267,2024-03-02,Mediodia,95,0,50
21268,2024-03-02,Tarde,25,0,42
21269,2024-03-02,Noche,17,0,87
21270,2024-03-03,Mediodia,96,0,64
21271,2024-03-03,Tarde,11,0,18
21272,2024-03-03,Noche,41,0,73
21273,2024-03-04,Mediodia,34,0,21
21274,2024-03-04,Tarde,99,0,58
21275,2024-03-04,Noche,50,0,18
21276,2024-03-05,Mediodia,10,0,99
21277,2024-03-05,Tarde,45,0,13
21278,2024-03-05,Noche,50,1,64
21279,2024-03-06,Mediodia,14,0,43
21280,2024-03-06,Tarde,89,0,06
21281,2024-03-06,Noche,52,0,03
21282,2024-03-07,Mediodia,35,0,19
21283,2024-03-07,Tarde,98,0,97
21284,2024-03-07,Noche,98,1,30
21285,2024-03-08,Mediodia,00,0,54
21286,2024-03-08,Tarde,59,0,96
21287,2024-03-08,Noche,59,0,68
21288,2024-03-09,Mediodia,00,0,19
21289,2024-03-09,Tarde,06,1,55
21290,2024-03-09,Noche,38,0,72
21291,2024-03-10,Mediodia,60,0,51
21292,2024-03-10,Tarde,57,0,00
21293,2024-03-10,Noche,99,0,54
21294,2024-03-11,Mediodia,39,0,81
21295,2024-03-11,Tarde,22,1,29
21296,2024-03-11,Noche,70,0,59
21297,2024-03-12,Mediodia,60,0,18
21298,2024-03-12,Tarde,48,0,65
21299,2024-03-12,Noche,83,0,63
21306,2024-03-15,Mediodia,83,0,36
21307,2024-03-15,Tarde,21,0,81
21308,2024-03-15,Noche,75,0,43
21309,2024-03-16,Mediodia,89,0,54
21310,2024-03-16,Tarde,35,0,84
21311,2024-03-16,Noche,13,0,42
21312,2024-03-17,Mediodia,28,0,26
21313,2024-03-17,Tarde,01,0,69
21314,2024-03-17,Noche,71,0,02
21315,2024-03-18,Mediodia,33,0,67
21316,2024-03-18,Tarde,96,1,66
21317,2024-03-18,Noche,47,0,06
21318,2024-03-19,Mediodia,07,0,68
21319,2024-03-19,Tarde,99,0,93
21320,2024-03-19,Noche,30,1,19
21321,2024-03-20,Mediodia,20,0,69
21322,2024-03-20,Tarde,48,1,00
21323,2024-03-20,Noche,15,0,43
21324,2024-03-21,Mediodia,36,0,98
21325,2024-03-21,Tarde,13,0,38
21326,2024-03-21,Noche,97,0,75
21327,2024-03-22,Mediodia,24,0,25
21328,2024-03-22,Tarde,04,0,10
21329,2024-03-22,Noche,44,0,94
21330,2024-03-23,Mediodia,02,0,61
21331,2024-03-23,Tarde,95,0,19
21332,2024-03-23,Noche,54,0,03
21333,2024-03-24,Mediodia,03,0,38
21334,2024-03-24,Tarde,27,1,80
21335,2024-03-24,Noche,35,0,53
21336,2024-03-25,Mediodia,51,0,03
21337,2024-03-25,Tarde,89,0,46
21338,2024-03-25,Noche,09,0,23
21339,2024-03-26,Mediodia,25,0,62
21340,2024-03-26,Tarde,50,0,84
21341,2024-03-26,Noche,33,0,79
21342,2024-03-27,Mediodia,96,0,77
21343,2024-03-27,Tarde,35,0,07
21344,2024-03-27,Noche,34,1,61
21345,2024-04-01,Mediodia,23,0,55
21346,2024-04-01,Tarde,05,0,39
21347,2024-04-01,Noche,42,0,81
21348,2024-04-02,Mediodia,70,0,04
21349,2024-04-02,Tarde,05,0,68
21350,2024-04-02,Noche,52,0,51
21351,2024-04-03,Mediodia,10,0,05
21352,2024-04-03,Tarde,62,0,02
21353,2024-04-03,Noche,83,1,14
21354,2024-04-04,Mediodia,68,0,89
21355,2024-04-04,Tarde,57,0,25
21356,2024-04-04,Noche,66,0,17
21357,2024-04-05,Mediodia,87,0,22
21358,2024-04-05,Tarde,89,0,43
21359,2024-04-05,Noche,34,1,87
21360,2024-04-06,Mediodia,55,0,51
21361,2024-04-06,Tarde,75,1,64
21362,2024-04-06,Noche,27,0,64
21363,2024-04-07,Mediodia,33,0,42
21364,2024-04-07,Tarde,65,0,26
21365,2024-04-07,Noche,95,0,51
21366,2024-04-08,Mediodia,47,0,97
21367,2024-04-08,Tarde,71,1,55
21368,2024-04-08,Noche,93,0,87
21369,2024-04-09,Mediodia,16,0,53
21370,2024-04-09,Tarde,04,1,25
21371,2024-04-09,Noche,97,0,06
21372,2024-04-10,Mediodia,67,0,03
21373,2024-04-10,Tarde,03,0,01
21374,2024-04-10,Noche,49,0,40
21375,2024-04-11,Mediodia,60,0,59
21376,2024-04-11,Tarde,38,0,56
21377,2024-04-11,Noche,84,1,15
21378,2024-04-12,Mediodia,61,0,68
21379,2024-04-12,Tarde,76,0,23
21380,2024-04-12,Noche,73,0,33
21381,2024-04-13,Mediodia,83,0,58
21382,2024-04-13,Tarde,50,0,97
21383,2024-04-13,Noche,71,0,59
21384,2024-04-14,Mediodia,49,0,71
21385,2024-04-14,Tarde,17,0,00
21386,2024-04-14,Noche,59,0,00
21387,2024-04-15,Mediodia,12,0,83
21388,2024-04-15,Tarde,70,0,26
21389,2024-04-15,Noche,54,0,19
21390,2024-04-16,Mediodia,70,0,80
21391,2024-04-16,Tarde,69,1,14
21392,2024-04-16,Noche,40,0,14
21393,2024-04-17,Mediodia,46,0,16
21394,2024-04-17,Tarde,00,0,83
21395,2024-04-17,Noche,16,0,02
21396,2024-04-18,Mediodia,73,0,94
21397,2024-04-18,Tarde,40,1,17
21398,2024-04-18,Noche,53,1,69
21399,2024-04-19,Mediodia,81,0,35
21400,2024-04-19,Tarde,65,0,54
21401,2024-04-19,Noche,07,0,28
21402,2024-04-20,Mediodia,61,0,15
21403,2024-04-20,Tarde,21,0,86
21404,2024-04-20,Noche,77,1,43
21405,2024-04-21,Mediodia,14,0,04
21406,2024-04-21,Tarde,07,0,11
21407,2024-04-21,Noche,90,0,97
21408,2024-04-22,Mediodia,04,0,40
21409,2024-04-22,Tarde,96,0,83
21410,2024-04-22,Noche,90,0,87
21411,2024-04-23,Mediodia,61,0,25
21412,2024-04-23,Tarde,89,0,48
21413,2024-04-23,Noche,03,1,12
21414,2024-04-24,Mediodia,11,0,21
21415,2024-04-24,Tarde,87,0,76
21416,2024-04-24,Noche,32,0,00
21417,2024-04-25,Mediodia,48,0,12
21418,2024-04-25,Tarde,72,0,17
21419,2024-04-25,Noche,47,0,19
21420,2024-04-26,Mediodia,10,0,55
21421,2024-04-26,Tarde,92,0,69
21422,2024-04-26,Noche,35,1,63
21423,2024-04-27,Mediodia,13,0,53
21424,2024-04-27,Tarde,65,0,49
21425,2024-04-27,Noche,83,1,65
21426,2024-04-28,Mediodia,95,0,81
21427,2024-04-28,Tarde,41,1,19
21428,2024-04-28,Noche,09,1,64
21429,2024-04-29,Mediodia,49,0,53
21430,2024-04-29,Tarde,13,1,31
21431,2024-04-29,Noche,29,0,43
21432,2024-04-30,Mediodia,93,0,94
21433,2024-04-30,Tarde,63,0,68
21434,2024-04-30,Noche,22,0,68
21435,2024-05-01,Mediodia,19,0,98
21436,2024-05-01,Tarde,21,0,90
21437,2024-05-01,Noche,05,0,77
21438,2024-05-02,Mediodia,28,0,02
21439,2024-05-02,Tarde,59,1,59
21440,2024-05-02,Noche,62,0,40
21441,2024-05-03,Mediodia,52,0,75
21442,2024-05-03,Tarde,84,0,32
21443,2024-05-03,Noche,05,1,00
21444,2024-05-04,Mediodia,52,0,61
21445,2024-05-04,Tarde,24,0,38
21446,2024-05-04,Noche,75,1,07
21447,2024-05-05,Mediodia,04,0,58
21448,2024-05-05,Tarde,77,0,60
21449,2024-05-05,Noche,61,1,30
21450,2024-05-06,Mediodia,95,0,38
21451,2024-05-06,Tarde,12,0,58
21452,2024-05-06,Noche,91,1,38
21453,2024-05-07,Mediodia,97,0,16
21454,2024-05-07,Tarde,71,1,87
21455,2024-05-07,Noche,01,1,19
21456,2024-05-08,Mediodia,06,0,61
21457,2024-05-08,Tarde,65,1,02
21458,2024-05-08,Noche,40,0,76
21459,2024-05-09,Mediodia,94,0,36
21460,2024-05-09,Tarde,39,0,42
21461,2024-05-09,Noche,22,0,40
21462,2024-05-10,Mediodia,04,0,29
21463,2024-05-10,Tarde,80,1,20
21464,2024-05-10,Noche,82,1,30
21465,2024-05-11,Mediodia,00,0,80
21466,2024-05-11,Tarde,27,0,94
21467,2024-05-11,Noche,63,0,29
21468,2024-05-12,Mediodia,21,0,06
21469,2024-05-12,Tarde,13,1,77
21470,2024-05-12,Noche,98,0,25
21471,2024-05-13,Mediodia,91,0,06
21472,2024-05-13,Tarde,49,0,55
21473,2024-05-13,Noche,42,0,90
21474,2024-05-14,Mediodia,24,0,45
21475,2024-05-14,Tarde,01,1,96
21476,2024-05-14,Noche,98,0,94
21477,2024-05-15,Mediodia,56,0,19
21478,2024-05-15,Tarde,89,0,56
21479,2024-05-15,Noche,27,0,28
21480,2024-05-16,Mediodia,07,0,18
21481,2024-05-16,Tarde,25,0,08
21482,2024-05-16,Noche,85,0,34
21483,2024-05-17,Mediodia,20,0,43
21484,2024-05-17,Tarde,98,0,09
21485,2024-05-17,Noche,45,0,62
21486,2024-05-18,Mediodia,70,0,62
21487,2024-05-18,Tarde,96,0,07
21488,2024-05-18,Noche,47,0,71
21489,2024-05-19,Mediodia,45,0,65
21490,2024-05-19,Tarde,61,1,49
21491,2024-05-19,Noche,51,0,60
21492,2024-05-20,Mediodia,18,0,93
21493,2024-05-20,Tarde,91,0,49
21494,2024-05-20,Noche,37,0,56
21504,2024-05-24,Mediodia,90,0,14
21505,2024-05-24,Tarde,80,0,10
21506,2024-05-24,Noche,88,0,28
21507,2024-05-25,Mediodia,51,0,75
21508,2024-05-25,Tarde,17,0,29
21509,2024-05-25,Noche,41,0,02
21510,2024-05-26,Mediodia,69,0,11
21511,2024-05-26,Tarde,42,0,90
21512,2024-05-26,Noche,73,0,60
21513,2024-05-27,Mediodia,16,0,11
21514,2024-05-27,Tarde,76,0,97
21515,2024-05-27,Noche,52,0,68
21516,2024-05-28,Mediodia,56,0,22
21517,2024-05-28,Tarde,14,0,64
21518,2024-05-28,Noche,91,0,86
21519,2024-05-29,Mediodia,28,0,80
21520,2024-05-29,Tarde,46,0,01
21521,2024-05-29,Noche,01,0,70
21522,2024-05-30,Mediodia,40,0,47
21523,2024-05-30,Tarde,08,0,19
21524,2024-05-30,Noche,23,0,02
21525,2024-05-31,Mediodia,72,0,25
21526,2024-05-31,Tarde,40,0,27
21527,2024-05-31,Noche,81,0,00
21528,2024-06-01,Mediodia,86,0,83
21529,2024-06-01,Tarde,75,0,83
21530,2024-06-01,Noche,35,0,47
21531,2024-06-02,Mediodia,52,0,45
21532,2024-06-02,Tarde,88,1,42
21533,2024-06-02,Noche,66,0,64
21534,2024-06-03,Mediodia,85,0,56
21535,2024-06-03,Tarde,02,0,86
21536,2024-06-03,Noche,94,1,01
21537,2024-06-04,Mediodia,27,0,30
21538,2024-06-04,Tarde,85,1,18
21539,2024-06-04,Noche,08,0,10
21540,2024-06-05,Mediodia,68,0,51
21541,2024-06-05,Tarde,26,1,83
21542,2024-06-05,Noche,00,1,61
21543,2024-06-06,Mediodia,79,0,56
21544,2024-06-06,Tarde,26,0,45
21545,2024-06-06,Noche,54,0,95
21546,2024-06-07,Mediodia,43,0,04
21547,2024-06-07,Tarde,82,0,90
21548,2024-06-07,Noche,38,0,59
21549,2024-06-08,Mediodia,08,0,88
21550,2024-06-08,Tarde,59,0,88
21551,2024-06-08,Noche,11,0,73
21552,2024-06-09,Mediodia,22,0,63
21553,2024-06-09,Tarde,32,0,62
21554,2024-06-09,Noche,17,1,16
21555,2024-06-10,Mediodia,92,0,91
21556,2024-06-10,Tarde,76,0,72
21557,2024-06-10,Noche,67,0,85
21558,2024-06-11,Mediodia,10,0,42
21559,2024-06-11,Tarde,88,0,87
21560,2024-06-11,Noche,19,1,10
21561,2024-06-12,Mediodia,40,0,87
21562,2024-06-12,Tarde,24,1,23
21563,2024-06-12,Noche,64,0,00
21564,2024-06-13,Mediodia,16,0,80
21565,2024-06-13,Tarde,45,0,47
21566,2024-06-13,Noche,13,1,16
21567,2024-06-14,Mediodia,95,0,14
21568,2024-06-14,Tarde,02,0,02
21569,2024-06-14,Noche,27,0,93
21570,2024-06-15,Mediodia,56,0,40
21571,2024-06-15,Tarde,51,0,34
21572,2024-06-15,Noche,91,0,19
21573,2024-06-16,Mediodia,62,0,54
21574,2024-06-16,Tarde,56,0,20
21575,2024-06-16,Noche,38,0,00
21597,2024-06-24,Mediodia,10,1,37
21598,2024-06-24,Tarde,53,0,91
21599,2024-06-24,Noche,60,0,42
21600,2024-06-25,Mediodia,90,0,33
21601,2024-06-25,Tarde,88,0,62
21602,2024-06-25,Noche,70,0,05
21603,2024-06-26,Mediodia,65,0,54
21604,2024-06-26,Tarde,58,0,72
21605,2024-06-26,Noche,45,1,45
21606,2024-06-27,Mediodia,14,0,49
21607,2024-06-27,Tarde,21,0,18
21608,2024-06-27,Noche,00,0,10
21609,2024-06-28,Mediodia,89,0,27
21610,2024-06-28,Tarde,43,0,66
21611,2024-06-28,Noche,20,0,22
21612,2024-06-29,Mediodia,64,0,35
21613,2024-06-29,Tarde,43,0,13
21614,2024-06-29,Noche,79,0,85
21615,2024-06-30,Mediodia,36,0,24
21616,2024-06-30,Tarde,65,0,25
21617,2024-06-30,Noche,11,0,40
21618,2024-07-01,Mediodia,75,1,63
21619,2024-07-01,Tarde,72,0,67
21620,2024-07-01,Noche,08,1,37
21621,2024-07-02,Mediodia,27,0,20
21622,2024-07-02,Tarde,29,0,52
21623,2024-07-02,Noche,52,0,29
21624,2024-07-03,Mediodia,32,0,91
21625,2024-07-03,Tarde,73,1,84
21626,2024-07-03,Noche,92,0,94
21627,2024-07-04,Mediodia,22,0,45
21628,2024-07-04,Tarde,67,0,68
21629,2024-07-04,Noche,05,0,84
21630,2024-07-05,Mediodia,60,1,09
21631,2024-07-05,Tarde,55,0,66
21632,2024-07-05,Noche,47,0,57
21633,2024-07-06,Mediodia,00,1,30
21634,2024-07-06,Tarde,41,1,60
21635,2024-07-06,Noche,76,1,12
21636,2024-07-07,Mediodia,89,0,03
21637,2024-07-07,Tarde,34,0,71
21638,2024-07-07,Noche,69,0,92
21639,2024-07-08,Mediodia,09,1,00
21640,2024-07-08,Tarde,68,0,93
21641,2024-07-08,Noche,88,0,13
21642,2024-07-09,Mediodia,26,1,21
21643,2024-07-09,Tarde,29,1,07
21644,2024-07-09,Noche,83,0,27
21645,2024-07-10,Mediodia,80,0,77
21646,2024-07-10,Tarde,04,0,06
21647,2024-07-10,Noche,64,1,72
21648,2024-07-11,Mediodia,97,1,15
21649,2024-07-11,Tarde,55,0,90
21650,2024-07-11,Noche,14,0,91
21651,2024-07-12,Mediodia,57,0,63
21652,2024-07-12,Tarde,62,0,59
21653,2024-07-12,Noche,05,0,81
21654,2024-07-13,Mediodia,14,0,02
21655,2024-07-13,Tarde,25,0,62
21656,2024-07-13,Noche,84,0,85
21657,2024-07-14,Mediodia,44,0,41
21658,2024-07-14,Tarde,12,1,81
21659,2024-07-14,Noche,20,0,44
21660,2024-07-15,Mediodia,26,0,10
21661,2024-07-15,Tarde,75,0,04
21662,2024-07-15,Noche,25,0,82
21663,2024-07-16,Mediodia,44,1,57
21664,2024-07-16,Tarde,07,0,69
21665,2024-07-16,Noche,81,0,93
21666,2024-07-17,Mediodia,88,0,26
21667,2024-07-17,Tarde,37,0,72
21668,2024-07-17,Noche,20,0,89
21669,2024-07-18,Mediodia,09,0,37
21670,2024-07-18,Tarde,40,1,
21671,2024-07-18,Noche,14,0,37
21672,2024-07-19,Mediodia,06,0,04
21673,2024-07-19,Tarde,35,0,59
21674,2024-07-19,Noche,98,0,45
21675,2024-07-20,Mediodia,68,0,08
21676,2024-07-20,Tarde,02,0,67
21677,2024-07-20,Noche,91,1,76
21678,2024-07-21,Mediodia,57,0,46
21679,2024-07-21,Tarde,17,0,92
21680,2024-07-21,Noche,53,0,41
21681,2024-07-22,Mediodia,33,1,19
21682,2024-07-22,Tarde,69,0,44
21683,2024-07-22,Noche,84,0,96
21684,2024-07-23,Mediodia,30,1,45
21685,2024-07-23,Tarde,25,0,67
21686,2024-07-23,Noche,48,0,87
21687,2024-07-24,Mediodia,34,0,36
21688,2024-07-24,Tarde,96,0,83
21689,2024-07-24,Noche,80,1,96
21690,2024-07-25,Mediodia,40,0,24
21691,2024-07-25,Tarde,77,0,87
21692,2024-07-25,Noche,30,1,75
21693,2024-07-26,Mediodia,91,1,33
21694,2024-07-26,Tarde,72,1,99
21695,2024-07-26,Noche,99,0,
21696,2024-07-27,Mediodia,39,0,74
21697,2024-07-27,Tarde,13,0,77
21698,2024-07-27,Noche,53,0,50
21699,2024-07-28,Mediodia,66,0,13
21700,2024-07-28,Tarde,30,0,
21701,2024-07-28,Noche,46,1,11
21702,2024-07-29,Mediodia,20,1,71
21703,2024-07-29,Tarde,28,1,80
21704,2024-07-29,Noche,87,1,59
21705,2024-07-30,Mediodia,16,1,93
21706,2024-07-30,Tarde,79,1,73
21707,2024-07-30,Noche,94,1,12
21708,2024-07-31,Mediodia,44,0,15
21709,2024-07-31,Tarde,25,1,22
21710,2024-07-31,Noche,95,0,18
21711,2024-08-01,Mediodia,31,0,77
21712,2024-08-01,Tarde,00,1,58
21713,2024-08-01,Noche,51,1,26
21714,2024-08-02,Mediodia,12,1,78
21715,2024-08-02,Tarde,34,0,87
21716,2024-08-02,Noche,05,0,56
21717,2024-08-03,Mediodia,27,1,19
21718,2024-08-03,Tarde,07,1,52
21719,2024-08-03,Noche,27,0,49
21720,2024-08-04,Mediodia,54,0,96
21721,2024-08-04,Tarde,74,0,24
21722,2024-08-04,Noche,94,0,70
21723,2024-08-05,Mediodia,30,1,60
21724,2024-08-05,Tarde,32,0,86
21725,2024-08-05,Noche,54,0,97
21726,2024-08-06,Mediodia,15,0,49
21727,2024-08-06,Tarde,47,1,
21728,2024-08-06,Noche,35,0,57
21729,2024-08-07,Mediodia,96,0,34
21730,2024-08-07,Tarde,00,0,78
21731,2024-08-07,Noche,50,1,58
21732,2024-08-08,Mediodia,90,1,17
21733,2024-08-08,Tarde,84,1,
21734,2024-08-08,Noche,41,1,42
21735,2024-08-09,Mediodia,40,0,35
21736,2024-08-09,Tarde,46,1,43
21737,2024-08-09,Noche,60,1,90
21738,2024-08-10,Mediodia,99,0,53
21739,2024-08-10,Tarde,86,0,64
21740,2024-08-10,Noche,34,0,68
21741,2024-08-11,Mediodia,73,0,89
21742,2024-08-11,Tarde,78,0,09
21743,2024-08-11,Noche,69,0,12
21744,2024-08-12,Mediodia,53,1,66
21745,2024-08-12,Tarde,04,1,80
21746,2024-08-12,Noche,13,1,85
21747,2024-08-13,Mediodia,14,1,08
21748,2024-08-13,Tarde,69,1,94
21749,2024-08-13,Noche,59,0,65
21750,2024-08-14,Mediodia,37,0,94
21751,2024-08-14,Tarde,84,1,58
21752,2024-08-14,Noche,34,1,54
21753,2024-08-15,Mediodia,22,0,09
21754,2024-08-15,Tarde,37,1,09
21755,2024-08-15,Noche,26,1,72
21756,2024-08-16,Mediodia,13,1,83
21757,2024-08-16,Tarde,74,0,
21758,2024-08-16,Noche,14,1,91
21759,2024-08-17,Mediodia,59,0,66
21760,2024-08-17,Tarde,57,1,79
21761,2024-08-17,Noche,72,0,48
21762,2024-08-18,Mediodia,14,0,37
21763,2024-08-18,Tarde,02,0,44
21764,2024-08-18,Noche,49,0,20
21765,2024-08-19,Mediodia,53,1,99
21766,2024-08-19,Tarde,88,0,83
21767,2024-08-19,Noche,91,0,52
21768,2024-08-20,Mediodia,08,1,55
21769,2024-08-20,Tarde,18,0,83
21770,2024-08-20,Noche,49,0,98
21771,2024-08-21,Mediodia,23,1,42
21772,2024-08-21,Tarde,59,0,88
21773,2024-08-21,Noche,62,0,21
21774,2024-08-22,Mediodia,77,0,53
21775,2024-08-22,Tarde,19,0,83
21776,2024-08-22,Noche,47,0,59
21777,2024-08-23,Mediodia,96,0,23
21778,2024-08-23,Tarde,95,0,95
21779,2024-08-23,Noche,75,0,41
21780,2024-08-24,Mediodia,68,0,51
21781,2024-08-24,Tarde,52,1,59
21782,2024-08-24,Noche,76,0,38
21783,2024-08-25,Mediodia,89,0,95
21784,2024-08-25,Tarde,19,0,
21785,2024-08-25,Noche,48,0,83
21786,2024-08-26,Mediodia,96,1,39
21787,2024-08-26,Tarde,40,0,42
21788,2024-08-26,Noche,95,0,01
21789,2024-08-27,Mediodia,11,1,49
21790,2024-08-27,Tarde,78,0,90
21791,2024-08-27,Noche,26,1,82
21792,2024-08-28,Mediodia,29,1,86
21793,2024-08-28,Tarde,94,0,32
21794,2024-08-28,Noche,44,0,24
21795,2024-08-29,Mediodia,59,0,86
21796,2024-08-29,Tarde,13,1,53
21797,2024-08-29,Noche,06,0,52
21798,2024-08-30,Mediodia,47,1,93
21799,2024-08-30,Tarde,63,0,65
21800,2024-08-30,Noche,13,0,
21801,2024-08-31,Mediodia,62,0,15
21802,2024-08-31,Tarde,04,0,17
21803,2024-08-31,Noche,83,0,61
21804,2024-09-01,Mediodia,04,0,63
21805,2024-09-01,Tarde,62,1,38
21806,2024-09-01,Noche,86,0,93
21807,2024-09-02,Mediodia,28,0,86
21808,2024-09-02,Tarde,61,0,85
21809,2024-09-02,Noche,84,0,27
21810,2024-09-03,Mediodia,83,0,80
21811,2024-09-03,Tarde,46,1,34
21812,2024-09-03,Noche,50,0,59
21813,2024-09-04,Mediodia,37,0,44
21814,2024-09-04,Tarde,64,0,48
21815,2024-09-04,Noche,71,1,49
21816,2024-09-05,Mediodia,66,0,86
21817,2024-09-05,Tarde,90,1,25
21818,2024-09-05,Noche,72,0,
21819,2024-09-06,Mediodia,05,1,13
21820,2024-09-06,Tarde,62,1,15
21821,2024-09-06,Noche,12,1,19
21822,2024-09-07,Mediodia,43,1,12
21823,2024-09-07,Tarde,84,0,13
21824,2024-09-07,Noche,52,0,34
21825,2024-09-08,Mediodia,65,0,87
21826,2024-09-08,Tarde,66,0,83
21827,2024-09-08,Noche,01,1,86
21828,2024-09-09,Mediodia,04,1,00
21829,2024-09-09,Tarde,11,1,82
21830,2024-09-09,Noche,81,0,73
21831,2024-09-10,Mediodia,32,0,96
21832,2024-09-10,Tarde,22,0,08
21833,2024-09-10,Noche,31,0,67
21834,2024-09-11,Mediodia,09,0,01
21835,2024-09-11,Tarde,18,0,23
21836,2024-09-11,Noche,93,0,39
21837,2024-09-12,Mediodia,04,1,24
21838,2024-09-12,Tarde,94,0,67
21839,2024-09-12,Noche,92,0,94
21840,2024-09-13,Mediodia,78,1,54
21841,2024-09-13,Tarde,32,1,32
21842,2024-09-13,Noche,98,0,27
21843,2024-09-14,Mediodia,80,0,49
21844,2024-09-14,Tarde,06,0,74
21845,2024-09-14,Noche,92,1,12
21846,2024-09-15,Mediodia,84,0,95
21847,2024-09-15,Tarde,23,0,14
21848,2024-09-15,Noche,35,1,21
21849,2024-09-16,Mediodia,29,1,27
21850,2024-09-16,Tarde,11,0,40
21851,2024-09-16,Noche,32,1,14
21852,2024-09-17,Mediodia,17,1,60
21853,2024-09-17,Tarde,48,0,72
21854,2024-09-17,Noche,46,1,68
21855,2024-09-18,Mediodia,88,1,93
21856,2024-09-18,Tarde,48,1,96
21857,2024-09-18,Noche,76,1,32
21858,2024-09-19,Mediodia,19,0,33
21859,2024-09-19,Tarde,75,0,81
21860,2024-09-19,Noche,39,1,80
21861,2024-09-20,Mediodia,36,0,75
21862,2024-09-20,Tarde,77,0,27
21863,2024-09-20,Noche,90,0,02
21864,2024-09-21,Mediodia,15,0,67
21865,2024-09-21,Tarde,42,1,90
21866,2024-09-21,Noche,24,0,71
21867,2024-09-22,Mediodia,14,0,26
21868,2024-09-22,Tarde,09,1,82
21869,2024-09-22,Noche,71,1,63
21870,2024-09-23,Mediodia,87,1,53
21871,2024-09-23,Tarde,48,0,17
21872,2024-09-23,Noche,01,0,58
21873,2024-09-24,Mediodia,23,1,16
21874,2024-09-24,Tarde,19,0,44
21875,2024-09-24,Noche,22,1,15
21876,2024-09-25,Mediodia,22,0,56
21877,2024-09-25,Tarde,59,1,33
21878,2024-09-25,Noche,22,0,33
21879,2024-09-26,Mediodia,23,0,29
21880,2024-09-26,Tarde,54,0,02
21881,2024-09-26,Noche,54,0,95
21882,2024-09-27,Mediodia,94,0,61
21883,2024-09-27,Tarde,13,1,78
21884,2024-09-27,Noche,51,0,
21885,2024-09-28,Mediodia,00,0,82
21886,2024-09-28,Tarde,49,0,27
21887,2024-09-28,Noche,42,0,55
21888,2024-09-29,Mediodia,23,1,37
21889,2024-09-29,Tarde,59,0,28
21890,2024-09-29,Noche,50,1,65
21891,2024-09-30,Mediodia,83,1,56
21892,2024-09-30,Tarde,45,1,42
21893,2024-09-30,Noche,32,1,
21894,2024-10-01,Mediodia,54,0,95
21895,2024-10-01,Tarde,35,0,27
21896,2024-10-01,Noche,26,0,72
21897,2024-10-02,Mediodia,97,0,26
21898,2024-10-02,Tarde,09,1,45
21899,2024-10-02,Noche,32,0,70
21900,2024-10-03,Mediodia,57,0,09
21901,2024-10-03,Tarde,52,0,46
21902,2024-10-03,Noche,72,0,28
21903,2024-10-04,Mediodia,93,1,79
21904,2024-10-04,Tarde,95,1,21
21905,2024-10-04,Noche,80,0,28
21906,2024-10-05,Mediodia,14,0,42
21907,2024-10-05,Tarde,66,0,38
21908,2024-10-05,Noche,94,1,03
21909,2024-10-06,Mediodia,11,1,13
21910,2024-10-06,Tarde,21,1,70
21911,2024-10-06,Noche,00,0,82
21912,2024-10-07,Mediodia,43,0,11
21913,2024-10-07,Tarde,88,1,18
21914,2024-10-07,Noche,02,0,67
21915,2024-10-08,Mediodia,32,1,15
21916,2024-10-08,Tarde,43,0,97
21917,2024-10-08,Noche,74,0,08
21918,2024-10-09,Mediodia,65,0,33
21919,2024-10-09,Tarde,12,0,46
21920,2024-10-09,Noche,07,1,54
21921,2024-10-10,Mediodia,62,1,02
21922,2024-10-10,Tarde,83,0,57
21923,2024-10-10,Noche,50,1,21
21924,2024-10-11,Mediodia,41,0,63
21925,2024-10-11,Tarde,33,0,74
21926,2024-10-11,Noche,48,1,96
21927,2024-10-12,Mediodia,13,1,85
21928,2024-10-12,Tarde,27,0,41
21929,2024-10-12,Noche,39,0,92
21930,2024-10-13,Mediodia,88,0,77
21931,2024-10-13,Tarde,27,0,
21932,2024-10-13,Noche,58,0,31
21933,2024-10-14,Mediodia,85,1,17
21934,2024-10-14,Tarde,15,1,69
21935,2024-10-14,Noche,37,1,01
21936,2024-10-15,Mediodia,56,0,69
21937,2024-10-15,Tarde,23,1,45
21938,2024-10-15,Noche,65,0,11
21939,2024-10-16,Mediodia,60,0,41
21940,2024-10-16,Tarde,14,0,18
21941,2024-10-16,Noche,48,1,57
21942,2024-10-17,Mediodia,78,0,43
21943,2024-10-17,Tarde,74,1,02
21944,2024-10-17,Noche,76,0,81
21945,2024-10-18,Mediodia,95,1,70
21946,2024-10-18,Tarde,20,0,69
21947,2024-10-18,Noche,73,0,87
21948,2024-10-19,Mediodia,36,1,57
21949,2024-10-19,Tarde,53,0,11
21950,2024-10-19,Noche,77,0,93
21951,2024-10-20,Mediodia,87,0,12
21952,2024-10-20,Tarde,60,1,98
21953,2024-10-20,Noche,70,0,50
21954,2024-10-21,Mediodia,37,1,08
21955,2024-10-21,Tarde,23,0,67
21956,2024-10-21,Noche,02,1,35
21957,2024-10-22,Mediodia,41,0,29
21958,2024-10-22,Tarde,99,1,53
21959,2024-10-22,Noche,82,1,47
21960,2024-10-23,Mediodia,27,0,71
21961,2024-10-23,Tarde,64,1,59
21962,2024-10-23,Noche,48,0,
21963,2024-10-24,Mediodia,32,1,70
21964,2024-10-24,Tarde,21,0,33
21965,2024-10-24,Noche,79,1,67
21966,2024-10-25,Mediodia,75,0,56
21967,2024-10-25,Tarde,36,0,03
21968,2024-10-25,Noche,63,0,94
21969,2024-10-26,Mediodia,60,0,68
21970,2024-10-26,Tarde,63,0,79
21971,2024-10-26,Noche,07,0,38
21972,2024-10-27,Mediodia,09,0,47
21973,2024-10-27,Tarde,73,1,20
21974,2024-10-27,Noche,83,1,48
21975,2024-10-28,Mediodia,26,0,09
21976,2024-10-28,Tarde,58,1,80
21977,2024-10-28,Noche,15,1,23
21978,2024-10-29,Mediodia,31,0,48
21979,2024-10-29,Tarde,69,0,52
21980,2024-10-29,Noche,34,1,08
21981,2024-10-30,Mediodia,59,0,04
21982,2024-10-30,Tarde,44,0,09
21983,2024-10-30,Noche,74,0,
21984,2024-10-31,Mediodia,97,0,03
21985,2024-10-31,Tarde,85,0,50
21986,2024-10-31,Noche,47,0,29
21987,2024-11-01,Mediodia,38,0,13
21988,2024-11-01,Tarde,22,1,44
21989,2024-11-01,Noche,69,1,61
21990,2024-11-02,Mediodia,55,0,51
21991,2024-11-02,Tarde,04,0,45
21992,2024-11-02,Noche,74,0,48
21993,2024-11-03,Mediodia,69,1,03
21994,2024-11-03,Tarde,59,0,62
21995,2024-11-03,Noche,70,1,88
21996,2024-11-04,Mediodia,74,0,22
21997,2024-11-04,Tarde,81,0,14
21998,2024-11-04,Noche,86,0,25
21999,2024-11-05,Mediodia,74,0,25
22000,2024-11-05,Tarde,85,0,69
22001,2024-11-05,Noche,30,0,23
22002,2024-11-06,Mediodia,82,0,78
22003,2024-11-06,Tarde,91,0,26
22004,2024-11-06,Noche,58,0,47
22005,2024-11-07,Mediodia,80,0,26
22006,2024-11-07,Tarde,52,0,85
22007,2024-11-07,Noche,49,1,32
22008,2024-11-08,Mediodia,16,0,46
22009,2024-11-08,Tarde,86,0,27
22010,2024-11-08,Noche,44,0,19
22011,2024-11-09,Mediodia,19,0,39
22012,2024-11-09,Tarde,49,1,59
22013,2024-11-09,Noche,72,1,62
22014,2024-11-10,Mediodia,60,0,83
22015,2024-11-10,Tarde,24,0,22
22016,2024-11-10,Noche,92,0,25
22017,2024-11-11,Mediodia,00,1,82
22018,2024-11-11,Tarde,14,1,12
22019,2024-11-11,Noche,93,1,76
22020,2024-11-12,Mediodia,40,0,82
22021,2024-11-12,Tarde,46,0,30
22022,2024-11-12,Noche,15,0,31
22023,2024-11-13,Mediodia,81,0,36
22024,2024-11-13,Tarde,38,1,59
22025,2024-11-13,Noche,27,1,92
22026,2024-11-14,Mediodia,27,1,54
22027,2024-11-14,Tarde,92,1,06
22028,2024-11-14,Noche,31,0,85
22029,2024-11-15,Mediodia,42,0,16
22030,2024-11-15,Tarde,54,0,93
22031,2024-11-15,Noche,53,1,71
22032,2024-11-16,Mediodia,43,1,35
22033,2024-11-16,Tarde,54,0,13
22034,2024-11-16,Noche,09,1,87
22035,2024-11-17,Mediodia,46,0,59
22036,2024-11-17,Tarde,98,0,78
22037,2024-11-17,Noche,87,0,03
22038,2024-11-18,Mediodia,27,0,02
22039,2024-11-18,Tarde,47,1,35
22040,2024-11-18,Noche,44,0,81
22041,2024-11-19,Mediodia,28,0,51
22042,2024-11-19,Tarde,14,1,54
22043,2024-11-19,Noche,36,0,93
22044,2024-11-20,Mediodia,66,1,79
22045,2024-11-20,Tarde,98,0,34
22046,2024-11-20,Noche,94,1,67
22047,2024-11-21,Mediodia,86,1,39
22048,2024-11-21,Tarde,99,0,42
22049,2024-11-21,Noche,07,1,02
22050,2024-11-22,Mediodia,11,0,16
22051,2024-11-22,Tarde,42,0,74
22052,2024-11-22,Noche,58,0,16
22053,2024-11-23,Mediodia,23,0,62
22054,2024-11-23,Tarde,52,0,47
22055,2024-11-23,Noche,83,0,14
22056,2024-11-24,Mediodia,31,1,66
22057,2024-11-24,Tarde,66,0,02
22058,2024-11-24,Noche,39,0,56
22059,2024-11-25,Mediodia,94,0,60
22060,2024-11-25,Tarde,67,0,74
22061,2024-11-25,Noche,72,1,47
22062,2024-11-26,Mediodia,23,0,79
22063,2024-11-26,Tarde,46,0,30
22064,2024-11-26,Noche,37,0,15
22065,2024-11-27,Mediodia,40,0,22
22066,2024-11-27,Tarde,89,0,36
22067,2024-11-27,Noche,64,0,92
22068,2024-11-28,Mediodia,72,0,99
22069,2024-11-28,Tarde,64,0,09
22070,2024-11-28,Noche,79,1,09
22071,2024-11-29,Mediodia,15,0,63
22072,2024-11-29,Tarde,35,1,58
22073,2024-11-29,Noche,74,0,
22074,2024-11-30,Mediodia,67,0,71
22075,2024-11-30,Tarde,05,1,60
22076,2024-11-30,Noche,82,0,57
22077,2024-12-01,Mediodia,74,1,26
22078,2024-12-01,Tarde,61,0,50
22079,2024-12-01,Noche,26,1,46
22080,2024-12-02,Mediodia,18,0,91
22081,2024-12-02,Tarde,16,0,92
22082,2024-12-02,Noche,75,1,45
22083,2024-12-03,Mediodia,53,0,20
22084,2024-12-03,Tarde,69,0,43
22085,2024-12-03,Noche,62,0,46
22086,2024-12-04,Mediodia,56,0,66
22087,2024-12-04,Tarde,58,0,82
22088,2024-12-04,Noche,44,0,41
22089,2024-12-05,Mediodia,27,0,13
22090,2024-12-05,Tarde,61,1,38
22091,2024-12-05,Noche,92,1,62
22092,2024-12-06,Mediodia,41,0,13
22093,2024-12-06,Tarde,68,0,76
22094,2024-12-06,Noche,16,0,17
22095,2024-12-07,Mediodia,64,0,51
22096,2024-12-07,Tarde,94,0,53
22097,2024-12-07,Noche,45,0,83
22098,2024-12-08,Mediodia,55,1,58
22099,2024-12-08,Tarde,50,1,43
22100,2024-12-08,Noche,60,0,07
22101,2024-12-09,Mediodia,46,0,44
22102,2024-12-09,Tarde,41,0,09
22103,2024-12-09,Noche,79,0,01
22104,2024-12-10,Mediodia,75,1,21
22105,2024-12-10,Tarde,94,0,64
22106,2024-12-10,Noche,19,0,37
22107,2024-12-11,Mediodia,56,1,11
22108,2024-12-11,Tarde,97,1,11
22109,2024-12-11,Noche,45,0,24
22110,2024-12-12,Mediodia,97,1,49
22111,2024-12-12,Tarde,51,0,60
22112,2024-12-12,Noche,00,1,13
22113,2024-12-13,Mediodia,59,0,55
22114,2024-12-13,Tarde,88,0,15
22115,2024-12-13,Noche,37,0,90
22116,2024-12-14,Mediodia,95,1,23
22117,2024-12-14,Tarde,95,1,66
22118,2024-12-14,Noche,87,0,40
22119,2024-12-15,Mediodia,08,0,88
22120,2024-12-15,Tarde,75,0,30
22121,2024-12-15,Noche,43,1,73
22122,2024-12-16,Mediodia,70,0,29
22123,2024-12-16,Tarde,02,0,16
22124,2024-12-16,Noche,67,0,96
22125,2024-12-17,Mediodia,52,0,40
22126,2024-12-17,Tarde,71,0,16
22127,2024-12-17,Noche,16,0,36
22128,2024-12-18,Mediodia,47,0,74
22129,2024-12-18,Tarde,34,1,53
22130,2024-12-18,Noche,81,1,22
22131,2024-12-19,Mediodia,12,0,32
22132,2024-12-19,Tarde,72,0,07
22133,2024-12-19,Noche,08,0,98
22134,2024-12-20,Mediodia,40,1,66
22135,2024-12-20,Tarde,52,0,19
22136,2024-12-20,Noche,51,0,07
22137,2024-12-21,Mediodia,93,1,56
22138,2024-12-21,Tarde,87,0,17
22139,2024-12-21,Noche,76,0,35
22140,2024-12-22,Mediodia,38,1,60
22141,2024-12-22,Tarde,76,0,74
22142,2024-12-22,Noche,97,0,59
22143,2024-12-23,Mediodia,85,1,02
22144,2024-12-23,Tarde,11,1,09
22145,2024-12-23,Noche,62,0,55
22146,2024-12-24,Mediodia,10,0,36
22147,2024-12-24,Tarde,13,0,10
22148,2024-12-26,Mediodia,82,0,97
22149,2024-12-26,Tarde,14,0,26
22150,2024-12-26,Noche,70,1,95
22151,2024-12-27,Mediodia,61,1,68
22152,2024-12-27,Tarde,73,0,68
22153,2024-12-27,Noche,15,0,43
22154,2024-12-28,Mediodia,29,0,77
22155,2024-12-28,Tarde,46,1,41
22156,2024-12-28,Noche,33,0,62
22157,2024-12-29,Mediodia,35,0,29
22158,2024-12-29,Tarde,19,0,97
22159,2024-12-29,Noche,49,0,73
22160,2024-12-30,Mediodia,61,0,54
22161,2024-12-30,Tarde,39,0,78
22162,2024-12-30,Noche,67,0,92
22163,2024-12-31,Mediodia,22,0,78
22164,2024-12-31,Tarde,15,0,84
22165,2025-01-02,Mediodia,33,0,39
22166,2025-01-02,Tarde,42,0,72
22167,2025-01-02,Noche,76,0,05
22168,2025-01-03,Mediodia,48,0,75
22169,2025-01-03,Tarde,32,0,44
22170,2025-01-03,Noche,63,1,07
22171,2025-01-04,Mediodia,97,1,06
22172,2025-01-04,Tarde,40,0,97
22173,2025-01-04,Noche,97,1,87
22174,2025-01-05,Mediodia,51,0,69
22175,2025-01-05,Tarde,43,0,83
22176,2025-01-05,Noche,90,1,32
22177,2025-01-06,Mediodia,63,0,21
22178,2025-01-06,Tarde,02,1,91
22179,2025-01-06,Noche,70,0,31
22180,2025-01-07,Mediodia,70,0,73
22181,2025-01-07,Tarde,34,0,21
22182,2025-01-07,Noche,42,0,40
22183,2025-01-08,Mediodia,08,0,00
22184,2025-01-08,Tarde,21,1,35
22185,2025-01-08,Noche,51,0,53
22186,2025-01-09,Mediodia,05,0,49
22187,2025-01-09,Tarde,37,1,96
22188,2025-01-09,Noche,21,0,15
22189,2025-01-10,Mediodia,71,1,67
22190,2025-01-10,Tarde,57,0,42
22191,2025-01-10,Noche,46,0,51
22192,2025-01-11,Mediodia,18,1,78
22193,2025-01-11,Tarde,44,0,48
22194,2025-01-11,Noche,13,0,78
22195,2025-01-12,Mediodia,41,1,57
22196,2025-01-12,Tarde,85,1,36
22197,2025-01-12,Noche,13,1,27
22198,2025-01-13,Mediodia,00,0,43
22199,2025-01-13,Tarde,24,1,35
22200,2025-01-13,Noche,95,1,03
22201,2025-01-14,Mediodia,76,0,84
22202,2025-01-14,Tarde,61,0,84
22203,2025-01-14,Noche,42,1,56
22204,2025-01-15,Mediodia,19,1,63
22205,2025-01-15,Tarde,34,0,94
22206,2025-01-15,Noche,09,0,89
22207,2025-01-16,Mediodia,16,0,77
22208,2025-01-16,Tarde,45,1,79
22209,2025-01-16,Noche,83,0,77
22210,2025-01-17,Mediodia,65,0,50
22211,2025-01-17,Tarde,13,0,97
22212,2025-01-17,Noche,27,0,79
22213,2025-01-18,Mediodia,20,0,17
22214,2025-01-18,Tarde,32,1,59
22215,2025-01-18,Noche,76,0,51
22216,2025-01-19,Mediodia,39,0,60
22217,2025-01-19,Tarde,69,0,73
22218,2025-01-19,Noche,36,1,36
22219,2025-01-20,Mediodia,36,0,06
22220,2025-01-20,Tarde,07,1,49
22221,2025-01-20,Noche,45,1,36
22222,2025-01-21,Mediodia,14,0,28
22223,2025-01-21,Tarde,23,0,03
22224,2025-01-21,Noche,95,0,20
22225,2025-01-22,Mediodia,44,1,17
22226,2025-01-22,Tarde,29,0,82
22227,2025-01-22,Noche,51,0,04
22228,2025-01-23,Mediodia,78,0,63
22229,2025-01-23,Tarde,44,1,77
22230,2025-01-23,Noche,07,0,51
22231,2025-01-24,Mediodia,62,0,97
22232,2025-01-24,Tarde,79,0,15
22233,2025-01-24,Noche,78,0,93
22234,2025-01-25,Mediodia,79,1,46
22235,2025-01-25,Tarde,10,0,46
22236,2025-01-25,Noche,98,0,03
22237,2025-01-26,Mediodia,47,1,14
22238,2025-01-26,Tarde,94,0,38
22239,2025-01-26,Noche,09,0,24
22240,2025-01-27,Mediodia,32,0,27
22241,2025-01-27,Tarde,25,0,35
22242,2025-01-27,Noche,99,1,45
22243,2025-01-28,Mediodia,55,0,02
22244,2025-01-28,Tarde,17,0,48
22245,2025-01-28,Noche,55,0,94
22246,2025-01-29,Mediodia,75,0,84
22247,2025-01-29,Tarde,20,0,51
22248,2025-01-29,Noche,75,0,83
22249,2025-01-30,Mediodia,90,1,09
22250,2025-01-30,Tarde,53,0,45
22251,2025-01-30,Noche,03,1,67
22252,2025-01-31,Mediodia,11,1,35
22253,2025-01-31,Tarde,94,1,67
22254,2025-01-31,Noche,53,0,09
22255,2025-02-01,Mediodia,92,0,70
22256,2025-02-01,Tarde,32,0,03
22257,2025-02-01,Noche,27,0,18
22258,2025-02-02,Mediodia,23,1,58
22259,2025-02-02,Tarde,83,0,97
22260,2025-02-02,Noche,43,0,80
22261,2025-02-03,Mediodia,59,1,26
22262,2025-02-03,Tarde,08,0,55
22263,2025-02-03,Noche,20,0,23
22264,2025-02-04,Mediodia,01,0,49
22265,2025-02-04,Tarde,81,1,08
22266,2025-02-04,Noche,16,0,34
22267,2025-02-05,Mediodia,70,1,89
22268,2025-02-05,Tarde,57,0,42
22269,2025-02-05,Noche,77,0,30
22270,2025-02-06,Mediodia,01,0,68
22271,2025-02-06,Tarde,76,0,00
22272,2025-02-06,Noche,21,1,61
22273,2025-02-07,Mediodia,01,0,25
22274,2025-02-07,Tarde,99,0,13
22275,2025-02-07,Noche,88,0,39
22276,2025-02-08,Mediodia,31,0,25
22277,2025-02-08,Tarde,42,0,59
22278,2025-02-08,Noche,07,0,78
22279,2025-02-09,Mediodia,74,0,97
22280,2025-02-09,Tarde,93,0,91
22281,2025-02-09,Noche,64,0,35
22282,2025-02-10,Mediodia,57,1,34
22283,2025-02-10,Tarde,05,0,56
22284,2025-02-10,Noche,00,0,08
22285,2025-02-11,Mediodia,21,1,19
22286,2025-02-11,Tarde,44,1,14
22287,2025-02-11,Noche,69,1,65
22288,2025-02-12,Mediodia,05,0,12
22289,2025-02-12,Tarde,80,1,55
22290,2025-02-12,Noche,76,0,78
22291,2025-02-13,Mediodia,83,0,13
22292,2025-02-13,Tarde,81,1,13
22293,2025-02-13,Noche,91,0,01
22294,2025-02-14,Mediodia,04,1,05
22295,2025-02-14,Tarde,96,0,17
22296,2025-02-14,Noche,35,1,35
22297,2025-02-15,Mediodia,45,1,93
22298,2025-02-15,Tarde,91,0,57
22299,2025-02-15,Noche,61,0,66
22300,2025-02-16,Mediodia,04,0,66
22301,2025-02-16,Tarde,77,0,19
22302,2025-02-16,Noche,84,1,78
22303,2025-02-17,Mediodia,22,1,22
22304,2025-02-17,Tarde,98,0,11
22305,2025-02-17,Noche,51,0,04
22306,2025-02-18,Mediodia,53,0,45
22307,2025-02-18,Tarde,93,0,07
22308,2025-02-18,Noche,25,0,59
22309,2025-02-19,Mediodia,29,0,76
22310,2025-02-19,Tarde,12,1,27
22311,2025-02-19,Noche,78,1,36
22312,2025-02-20,Mediodia,64,1,58
22313,2025-02-20,Tarde,95,1,54
22314,2025-02-20,Noche,28,0,89
22315,2025-02-21,Mediodia,27,0,19
22316,2025-02-21,Tarde,54,0,55
22317,2025-02-21,Noche,93,0,64
22318,2025-02-22,Mediodia,98,1,67
22319,2025-02-22,Tarde,81,0,40
22320,2025-02-22,Noche,41,0,82
22321,2025-02-23,Mediodia,90,0,38
22322,2025-02-23,Tarde,99,0,84
22323,2025-02-23,Noche,76,1,75
22324,2025-02-24,Mediodia,26,0,87
22325,2025-02-24,Tarde,85,0,65
22326,2025-02-24,Noche,09,1,60
22327,2025-02-25,Mediodia,71,0,40
22328,2025-02-25,Tarde,31,0,82
22329,2025-02-25,Noche,23,1,57
22330,2025-02-26,Mediodia,38,0,32
22331,2025-02-26,Tarde,59,0,46
22332,2025-02-26,Noche,21,1,88
22333,2025-02-27,Mediodia,57,0,73
22334,2025-02-27,Tarde,27,0,88
22335,2025-02-27,Noche,63,1,67
22336,2025-02-28,Mediodia,27,0,66
22337,2025-02-28,Tarde,79,0,55
22338,2025-02-28,Noche,64,1,53
22339,2025-03-01,Mediodia,46,0,96
22340,2025-03-01,Tarde,55,1,63
22341,2025-03-01,Noche,71,1,95
22342,2025-03-02,Mediodia,37,1,63
22343,2025-03-02,Tarde,77,0,73
22344,2025-03-02,Noche,66,0,21
22345,2025-03-03,Mediodia,77,0,19
22346,2025-03-03,Tarde,43,0,80
22347,2025-03-03,Noche,71,1,36
22348,2025-03-04,Mediodia,94,0,83
22349,2025-03-04,Tarde,53,1,16
22350,2025-03-04,Noche,69,1,43
22351,2025-03-05,Mediodia,96,0,57
22352,2025-03-05,Tarde,65,0,48
22353,2025-03-05,Noche,99,1,94
22354,2025-03-06,Mediodia,56,0,32
22355,2025-03-06,Tarde,81,1,96
22356,2025-03-06,Noche,17,0,69
22357,2025-03-07,Mediodia,47,0,68
22358,2025-03-07,Tarde,88,0,00
22359,2025-03-07,Noche,62,1,
22360,2025-03-08,Mediodia,91,0,12
22361,2025-03-08,Tarde,09,0,83
22362,2025-03-08,Noche,59,0,68
22363,2025-03-09,Mediodia,82,0,99
22364,2025-03-09,Tarde,70,0,21
22365,2025-03-09,Noche,46,1,74
22366,2025-03-10,Mediodia,21,1,70
22367,2025-03-10,Tarde,38,0,72
22368,2025-03-10,Noche,00,0,12
22369,2025-03-11,Mediodia,57,0,02
22370,2025-03-11,Tarde,36,0,64
22371,2025-03-11,Noche,08,1,31
22372,2025-03-12,Mediodia,27,1,72
22373,2025-03-12,Tarde,65,0,47
22374,2025-03-12,Noche,75,0,04
22375,2025-03-13,Mediodia,16,0,18
22376,2025-03-13,Tarde,94,0,25
22377,2025-03-13,Noche,00,0,10
22378,2025-03-14,Mediodia,83,1,31
22379,2025-03-14,Tarde,38,0,93
22380,2025-03-14,Noche,52,1,52
22381,2025-03-15,Mediodia,40,0,07
22382,2025-03-15,Tarde,09,1,31
22383,2025-03-15,Noche,28,0,44
22384,2025-03-16,Mediodia,38,1,51
22385,2025-03-16,Tarde,74,1,01
22386,2025-03-16,Noche,64,0,85
22387,2025-03-17,Mediodia,20,1,31
22388,2025-03-17,Tarde,64,0,44
22389,2025-03-17,Noche,03,1,33
22390,2025-03-18,Mediodia,01,0,24
22391,2025-03-18,Tarde,54,0,85
22392,2025-03-18,Noche,73,1,80
22393,2025-03-19,Mediodia,76,0,59
22394,2025-03-19,Tarde,55,1,66
22395,2025-03-19,Noche,80,1,74
22396,2025-03-20,Mediodia,87,1,69
22397,2025-03-20,Tarde,90,0,39
22398,2025-03-20,Noche,83,1,58
22399,2025-03-21,Mediodia,77,0,69
22400,2025-03-21,Tarde,03,1,69
22401,2025-03-21,Noche,38,0,
22402,2025-03-22,Mediodia,40,0,47
22403,2025-03-22,Tarde,63,0,
22404,2025-03-22,Noche,35,1,92
22405,2025-03-23,Mediodia,60,1,67
22406,2025-03-23,Tarde,02,0,20
22407,2025-03-23,Noche,44,0,
22408,2025-03-24,Mediodia,81,1,63
22409,2025-03-24,Tarde,88,0,01
22410,2025-03-24,Noche,54,1,82
22411,2025-03-25,Mediodia,24,1,75
22412,2025-03-25,Tarde,08,1,21
22413,2025-03-25,Noche,73,0,15
22414,2025-03-26,Mediodia,50,0,84
22415,2025-03-26,Tarde,97,0,
22416,2025-03-26,Noche,04,0,76
22417,2025-03-27,Mediodia,72,0,50
22418,2025-03-27,Tarde,65,1,70
22419,2025-03-27,Noche,22,0,22
22420,2025-03-28,Mediodia,13,1,26
22421,2025-03-28,Tarde,49,1,45
22422,2025-03-28,Noche,24,0,72
22423,2025-03-29,Mediodia,64,0,51
22424,2025-03-29,Tarde,57,1,97
22425,2025-03-29,Noche,10,0,64
22426,2025-03-30,Mediodia,18,0,69
22427,2025-03-30,Tarde,11,0,75
22428,2025-03-30,Noche,26,1,83
22429,2025-03-31,Mediodia,79,0,49
22430,2025-03-31,Tarde,73,0,87
22431,2025-03-31,Noche,24,1,25
22432,2025-04-01,Mediodia,64,1,20
22433,2025-04-01,Tarde,91,1,26
22434,2025-04-01,Noche,33,0,75
22435,2025-04-02,Mediodia,77,1,29
22436,2025-04-02,Tarde,91,1,46
22437,2025-04-02,Noche,25,0,78
22438,2025-04-03,Mediodia,34,0,98
22439,2025-04-03,Tarde,82,0,35
22440,2025-04-03,Noche,10,1,18
22441,2025-04-04,Mediodia,06,0,07
22442,2025-04-04,Tarde,50,0,10
22443,2025-04-04,Noche,35,0,09
22444,2025-04-05,Mediodia,44,0,27
22445,2025-04-05,Tarde,51,0,06
22446,2025-04-05,Noche,19,1,85
22447,2025-04-06,Mediodia,74,0,05
22448,2025-04-06,Tarde,57,1,45
22449,2025-04-06,Noche,26,0,04
22450,2025-04-07,Mediodia,61,1,23
22451,2025-04-07,Tarde,91,1,58
22452,2025-04-07,Noche,76,0,38
22453,2025-04-08,Mediodia,81,1,25
22454,2025-04-08,Tarde,92,1,91
22455,2025-04-08,Noche,44,0,18
22456,2025-04-09,Mediodia,36,0,71
22457,2025-04-09,Tarde,43,1,14
22458,2025-04-09,Noche,05,0,21
22459,2025-04-10,Mediodia,75,0,43
22460,2025-04-10,Tarde,69,0,95
22461,2025-04-10,Noche,98,0,68
22462,2025-04-11,Mediodia,58,1,22
22463,2025-04-11,Tarde,92,1,05
22464,2025-04-11,Noche,02,0,31
22465,2025-04-12,Mediodia,76,0,01
22466,2025-04-12,Tarde,97,0,53
22467,2025-04-12,Noche,97,0,72
22468,2025-04-13,Mediodia,70,0,01
22469,2025-04-13,Tarde,93,1,54
22470,2025-04-13,Noche,31,0,61
22471,2025-04-14,Mediodia,97,0,51
22472,2025-04-14,Tarde,31,1,53
22473,2025-04-14,Noche,78,1,92
22474,2025-04-15,Mediodia,60,0,10
22475,2025-04-15,Tarde,87,0,04
22476,2025-04-15,Noche,69,1,32
22477,2025-04-16,Mediodia,94,0,10
22478,2025-04-16,Tarde,63,1,01
22479,2025-04-16,Noche,17,0,08
22480,2025-04-21,Mediodia,47,0,29
22481,2025-04-21,Tarde,43,0,25
22482,2025-04-21,Noche,68,0,55
22483,2025-04-22,Mediodia,27,0,94
22484,2025-04-22,Tarde,27,0,53
22485,2025-04-22,Noche,80,0,23
22486,2025-04-23,Mediodia,69,0,00
22487,2025-04-23,Tarde,93,0,32
22488,2025-04-23,Noche,84,1,91
22489,2025-04-24,Mediodia,65,0,81
22490,2025-04-24,Tarde,43,0,90
22491,2025-04-24,Noche,03,0,02
22492,2025-04-25,Mediodia,53,1,94
22493,2025-04-25,Tarde,77,0,41
22494,2025-04-25,Noche,16,0,34
22495,2025-04-26,Mediodia,69,0,25
22496,2025-04-26,Tarde,81,0,55
22497,2025-04-26,Noche,08,1,17
22498,2025-04-27,Mediodia,07,1,22
22499,2025-04-27,Tarde,29,0,19
22500,2025-04-27,Noche,21,1,53
22501,2025-04-28,Mediodia,51,1,92
22502,2025-04-28,Tarde,40,1,06
22503,2025-04-28,Noche,22,1,77
22504,2025-04-29,Mediodia,80,0,30
22505,2025-04-29,Tarde,92,0,27
22506,2025-04-29,Noche,03,1,05
22507,2025-04-30,Mediodia,05,1,91
22508,2025-04-30,Tarde,39,0,24
22509,2025-04-30,Noche,22,1,75
22510,2025-05-01,Mediodia,17,0,67
22511,2025-05-01,Tarde,62,0,07
22512,2025-05-01,Noche,56,0,44
22513,2025-05-02,Mediodia,22,0,61
22514,2025-05-02,Tarde,85,1,21
22515,2025-05-02,Noche,67,0,03
22516,2025-05-03,Mediodia,65,0,31
22517,2025-05-03,Tarde,94,0,
22518,2025-05-03,Noche,62,0,09
22519,2025-05-04,Mediodia,85,0,17
22520,2025-05-04,Tarde,30,1,
22521,2025-05-04,Noche,09,0,72
22522,2025-05-05,Mediodia,63,0,89
22523,2025-05-05,Tarde,62,1,01
22524,2025-05-05,Noche,68,0,72
22525,2025-05-06,Mediodia,04,1,56
22526,2025-05-06,Tarde,82,1,19
22527,2025-05-06,Noche,20,0,15
22528,2025-05-07,Mediodia,89,1,24
22529,2025-05-07,Tarde,84,0,03
22530,2025-05-07,Noche,09,0,10
22531,2025-05-08,Mediodia,45,0,27
22532,2025-05-08,Tarde,66,1,02
22533,2025-05-08,Noche,57,0,78
22534,2025-05-09,Mediodia,27,0,94
22535,2025-05-09,Tarde,29,1,93
22536,2025-05-09,Noche,69,1,62
22537,2025-05-10,Mediodia,62,0,83
22538,2025-05-10,Tarde,53,0,10
22539,2025-05-10,Noche,13,0,84
22540,2025-05-11,Mediodia,50,0,70
22541,2025-05-11,Tarde,91,1,88
22542,2025-05-11,Noche,89,0,01
22543,2025-05-12,Mediodia,25,0,42
22544,2025-05-12,Tarde,68,1,67
22545,2025-05-12,Noche,36,1,74
22546,2025-05-13,Mediodia,14,0,82
22547,2025-05-13,Tarde,75,1,
22548,2025-05-13,Noche,52,1,32
22549,2025-05-14,Mediodia,54,0,31
22550,2025-05-14,Tarde,57,1,32
22551,2025-05-14,Noche,06,0,79
22552,2025-05-15,Mediodia,57,0,32
22553,2025-05-15,Tarde,60,1,34
22554,2025-05-15,Noche,18,1,62
22555,2025-05-16,Mediodia,54,0,70
22556,2025-05-16,Tarde,75,0,46
22557,2025-05-16,Noche,86,0,20
22558,2025-05-17,Mediodia,99,0,36
22559,2025-05-17,Tarde,39,1,84
22560,2025-05-17,Noche,92,0,92
22561,2025-05-18,Mediodia,42,0,90
22562,2025-05-18,Tarde,95,0,04
22563,2025-05-18,Noche,37,0,72
22564,2025-05-19,Mediodia,44,0,94
22565,2025-05-19,Tarde,92,0,75
22566,2025-05-19,Noche,23,0,19
22567,2025-05-20,Mediodia,35,0,75
22568,2025-05-20,Tarde,41,0,37
22569,2025-05-20,Noche,55,0,19
22570,2025-05-21,Mediodia,81,0,04
22571,2025-05-21,Tarde,17,0,82
22572,2025-05-21,Noche,40,0,76
22573,2025-05-22,Mediodia,88,0,89
22574,2025-05-22,Tarde,42,0,44
22575,2025-05-22,Noche,38,0,09
22576,2025-05-23,Mediodia,09,0,82
22577,2025-05-23,Tarde,93,0,93
22578,2025-05-23,Noche,94,0,19
22579,2025-05-24,Mediodia,15,1,34
22580,2025-05-24,Tarde,56,0,33
22581,2025-05-24,Noche,37,0,91
22582,2025-05-25,Mediodia,89,0,80
22583,2025-05-25,Tarde,14,0,08
22584,2025-05-25,Noche,63,0,80
22585,2025-05-26,Mediodia,42,0,47
22586,2025-05-26,Tarde,86,0,26
22587,2025-05-26,Noche,62,0,69
22588,2025-05-27,Mediodia,99,0,41
22589,2025-05-27,Tarde,52,0,17
22590,2025-05-27,Noche,26,0,23
22591,2025-05-28,Mediodia,03,1,95
22592,2025-05-28,Tarde,96,0,13
22593,2025-05-28,Noche,33,0,20
22594,2025-05-29,Mediodia,97,0,92
22595,2025-05-29,Tarde,65,1,29
22596,2025-05-29,Noche,87,0,17
22597,2025-05-30,Mediodia,37,0,61
22598,2025-05-30,Tarde,28,0,68
22599,2025-05-30,Noche,62,1,76
22600,2025-05-31,Mediodia,08,0,19
22601,2025-05-31,Tarde,12,0,89
22602,2025-05-31,Noche,44,0,02
22603,2025-06-01,Mediodia,77,1,66
22604,2025-06-01,Tarde,48,0,00
22605,2025-06-01,Noche,87,0,47
22606,2025-06-02,Mediodia,09,1,38
22607,2025-06-02,Tarde,68,0,92
22608,2025-06-02,Noche,56,0,99
22609,2025-06-03,Mediodia,22,1,51
22610,2025-06-03,Tarde,27,0,04
22611,2025-06-03,Noche,26,1,46
22612,2025-06-04,Mediodia,27,0,96
22613,2025-06-04,Tarde,91,1,10
22614,2025-06-04,Noche,20,0,61
22615,2025-06-05,Mediodia,51,0,11
22616,2025-06-05,Tarde,35,0,23
22617,2025-06-05,Noche,22,0,02
22618,2025-06-06,Mediodia,55,1,55
22619,2025-06-06,Tarde,61,0,52
22620,2025-06-06,Noche,65,0,27
22621,2025-06-07,Mediodia,05,0,95
22622,2025-06-07,Tarde,31,1,43
22623,2025-06-07,Noche,42,0,91
22624,2025-06-08,Mediodia,87,1,22
22625,2025-06-08,Tarde,39,0,35
22626,2025-06-08,Noche,20,0,39
22627,2025-06-09,Mediodia,21,0,48
22628,2025-06-09,Tarde,02,0,69
22629,2025-06-09,Noche,24,0,30
22630,2025-06-10,Mediodia,41,1,34
22631,2025-06-10,Tarde,57,0,71
22632,2025-06-10,Noche,56,0,76
22633,2025-06-11,Mediodia,03,0,27
22634,2025-06-11,Tarde,53,1,02
22635,2025-06-11,Noche,06,1,88
22636,2025-06-12,Mediodia,45,0,27
22637,2025-06-12,Tarde,30,0,69
22638,2025-06-12,Noche,44,0,46
22639,2025-06-13,Mediodia,81,1,66
22640,2025-06-13,Tarde,66,0,21
22641,2025-06-13,Noche,53,0,88
22642,2025-06-14,Mediodia,77,0,60
22643,2025-06-14,Tarde,35,0,75
22644,2025-06-14,Noche,16,1,24
22645,2025-06-15,Mediodia,38,0,80
22646,2025-06-15,Tarde,01,0,42
22647,2025-06-15,Noche,87,1,56
22648,2025-06-16,Mediodia,83,0,56
22649,2025-06-16,Tarde,99,1,34
22650,2025-06-16,Noche,98,1,70
22651,2025-06-17,Mediodia,01,0,78
22652,2025-06-17,Tarde,77,1,98
22653,2025-06-17,Noche,65,1,18
22654,2025-06-18,Mediodia,81,0,78
22655,2025-06-18,Tarde,82,0,37
22656,2025-06-18,Noche,82,0,98
22657,2025-06-19,Mediodia,46,1,53
22658,2025-06-19,Tarde,25,0,58
22659,2025-06-19,Noche,58,0,71
22660,2025-06-20,Mediodia,65,0,33
22661,2025-06-20,Tarde,28,1,03
22662,2025-06-20,Noche,23,0,05
22663,2025-06-21,Mediodia,02,0,42
22664,2025-06-21,Tarde,87,1,12
22665,2025-06-21,Noche,55,1,79
22666,2025-06-22,Mediodia,04,1,83
22667,2025-06-22,Tarde,73,0,66
22668,2025-06-22,Noche,13,0,02
22669,2025-06-23,Mediodia,32,0,21
22670,2025-06-23,Tarde,12,1,93
22671,2025-06-23,Noche,04,0,49
22672,2025-06-24,Mediodia,13,0,37
22673,2025-06-24,Tarde,70,1,80
22674,2025-06-24,Noche,62,0,
22675,2025-06-25,Mediodia,28,1,27
22676,2025-06-25,Tarde,78,0,81
22677,2025-06-25,Noche,33,0,98
22678,2025-06-26,Mediodia,34,1,56
22679,2025-06-26,Tarde,98,0,22
22680,2025-06-26,Noche,34,1,56
22681,2025-06-27,Mediodia,09,1,90
22682,2025-06-27,Tarde,30,1,99
22683,2025-06-27,Noche,79,1,86
22684,2025-06-28,Mediodia,93,1,76
22685,2025-06-28,Tarde,60,0,18
22686,2025-06-28,Noche,26,0,44
22687,2025-06-29,Mediodia,02,1,18
22688,2025-06-29,Tarde,06,0,53
22689,2025-06-29,Noche,55,0,22
22690,2025-06-30,Mediodia,80,0,34
22691,2025-06-30,Tarde,98,0,77
22692,2025-06-30,Noche,91,0,35
22693,2025-07-01,Mediodia,40,0,01
22694,2025-07-01,Tarde,05,0,63
22695,2025-07-01,Noche,09,0,47
22696,2025-07-02,Mediodia,84,0,22
22697,2025-07-02,Tarde,55,0,76
22698,2025-07-02,Noche,67,1,81
22699,2025-07-03,Mediodia,05,0,02
22700,2025-07-03,Tarde,59,1,
22701,2025-07-03,Noche,34,1,05
22702,2025-07-04,Mediodia,33,0,12
22703,2025-07-04,Tarde,60,0,98
22704,2025-07-04,Noche,08,0,28
22705,2025-07-05,Mediodia,74,0,09
22706,2025-07-05,Tarde,92,0,57
22707,2025-07-05,Noche,11,1,38
22708,2025-07-06,Mediodia,09,0,51
22709,2025-07-06,Tarde,83,0,48
22710,2025-07-06,Noche,52,1,98
22711,2025-07-07,Mediodia,36,0,19
22712,2025-07-07,Tarde,15,1,99
22713,2025-07-07,Noche,22,0,16
22714,2025-07-08,Mediodia,78,1,05
22715,2025-07-08,Tarde,71,0,08
22716,2025-07-08,Noche,96,1,98
22717,2025-07-09,Mediodia,93,0,14
22718,2025-07-09,Tarde,15,0,88
22719,2025-07-09,Noche,82,0,08
22720,2025-07-10,Mediodia,64,0,29
22721,2025-07-10,Tarde,72,1,93
22722,2025-07-10,Noche,11,1,61
22723,2025-07-11,Mediodia,90,1,33
22724,2025-07-11,Tarde,49,0,84
22725,2025-07-11,Noche,40,1,73
22726,2025-07-12,Mediodia,33,0,03
22727,2025-07-12,Tarde,84,1,98
22728,2025-07-12,Noche,14,0,33
22729,2025-07-13,Mediodia,98,1,70
22730,2025-07-13,Tarde,44,0,84
22731,2025-07-13,Noche,61,1,31
22732,2025-07-14,Mediodia,27,0,35
22733,2025-07-14,Tarde,61,0,20
22734,2025-07-14,Noche,66,0,93
22735,2025-07-15,Mediodia,23,0,62
22736,2025-07-15,Tarde,61,1,74
22737,2025-07-15,Noche,48,0,09
22738,2025-07-16,Mediodia,06,1,49
22739,2025-07-16,Tarde,53,0,07
22740,2025-07-16,Noche,20,1,11
22741,2025-07-17,Mediodia,85,1,69
22742,2025-07-17,Tarde,96,1,02
22743,2025-07-17,Noche,27,0,77
22744,2025-07-18,Mediodia,00,0,98
22745,2025-07-18,Tarde,14,0,16
22746,2025-07-18,Noche,96,1,92
22747,2025-07-19,Mediodia,85,1,67
22748,2025-07-19,Tarde,47,0,
22749,2025-07-19,Noche,89,0,03
22750,2025-07-20,Mediodia,06,0,39
22751,2025-07-20,Tarde,31,1,96
22752,2025-07-20,Noche,46,0,27
22753,2025-07-21,Mediodia,57,0,28
22754,2025-07-21,Tarde,40,1,84
22755,2025-07-21,Noche,89,1,97
22756,2025-07-22,Mediodia,96,0,60
22757,2025-07-22,Tarde,53,0,46
22758,2025-07-22,Noche,29,0,
22759,2025-07-23,Mediodia,30,0,11
22760,2025-07-23,Tarde,71,0,37
22761,2025-07-23,Noche,35,0,52
22762,2025-07-24,Mediodia,64,0,72
22763,2025-07-24,Tarde,04,0,41
22764,2025-07-24,Noche,88,1,37
22765,2025-07-25,Mediodia,54,1,33
22766,2025-07-25,Tarde,75,1,82
22767,2025-07-25,Noche,39,1,88
22768,2025-07-26,Mediodia,29,1,61
22769,2025-07-26,Tarde,31,0,93
22770,2025-07-26,Noche,80,0,64
22771,2025-07-27,Mediodia,25,0,62
22772,2025-07-27,Tarde,04,0,69
22773,2025-07-27,Noche,69,1,53
22774,2025-07-28,Mediodia,38,1,43
22775,2025-07-28,Tarde,04,1,80
22776,2025-07-28,Noche,53,0,24
22777,2025-07-29,Mediodia,74,0,51
22778,2025-07-29,Tarde,65,0,17
22779,2025-07-29,Noche,67,0,79
22780,2025-07-30,Mediodia,31,0,46
22781,2025-07-30,Tarde,89,0,68
22782,2025-07-30,Noche,92,1,12
22783,2025-07-31,Mediodia,87,1,87
22784,2025-07-31,Tarde,32,0,37
22785,2025-07-31,Noche,93,0,06
22786,2025-08-01,Mediodia,12,0,58
22787,2025-08-01,Tarde,98,1,70
22788,2025-08-01,Noche,52,1,36
22789,2025-08-02,Mediodia,60,0,18
22790,2025-08-02,Tarde,52,0,16
22791,2025-08-02,Noche,26,0,65
22792,2025-08-03,Mediodia,66,0,96
22793,2025-08-03,Tarde,90,0,26
22794,2025-08-03,Noche,45,0,21
22795,2025-08-04,Mediodia,99,0,66
22796,2025-08-04,Tarde,98,0,86
22797,2025-08-04,Noche,29,0,87
22798,2025-08-05,Mediodia,90,0,92
22799,2025-08-05,Tarde,00,0,54
22800,2025-08-05,Noche,24,0,81
22801,2025-08-06,Mediodia,40,0,00
22802,2025-08-06,Tarde,95,0,68
22803,2025-08-06,Noche,49,1,64
22804,2025-08-07,Mediodia,59,0,13
22805,2025-08-07,Tarde,40,0,75
22806,2025-08-07,Noche,56,0,21
22807,2025-08-08,Mediodia,09,0,54
22808,2025-08-08,Tarde,97,1,95
22809,2025-08-08,Noche,21,0,74
22810,2025-08-09,Mediodia,29,0,24
22811,2025-08-09,Tarde,87,0,65
22812,2025-08-09,Noche,59,0,37
22813,2025-08-10,Mediodia,00,0,78
22814,2025-08-10,Tarde,74,0,46
22815,2025-08-10,Noche,35,1,03
22816,2025-08-11,Mediodia,11,1,09
22817,2025-08-11,Tarde,16,1,14
22818,2025-08-11,Noche,59,0,
22819,2025-08-12,Mediodia,64,0,16
22820,2025-08-12,Tarde,30,0,75
22821,2025-08-12,Noche,79,0,32
22822,2025-08-13,Mediodia,86,1,18
22823,2025-08-13,Tarde,99,0,35
22824,2025-08-13,Noche,01,0,01
22825,2025-08-14,Mediodia,25,0,69
22826,2025-08-14,Tarde,28,0,41
22827,2025-08-14,Noche,56,0,79
22828,2025-08-15,Mediodia,23,0,84
22829,2025-08-15,Tarde,88,0,46
22830,2025-08-15,Noche,22,1,87
22831,2025-08-16,Mediodia,09,0,58
22832,2025-08-16,Tarde,30,0,71
22833,2025-08-16,Noche,74,0,19
22834,2025-08-17,Mediodia,70,0,32
22835,2025-08-17,Tarde,00,1,23
22836,2025-08-17,Noche,71,1,87
22837,2025-08-18,Mediodia,07,0,97
22838,2025-08-18,Tarde,71,0,51
22839,2025-08-18,Noche,83,0,12
22840,2025-08-19,Mediodia,76,0,29
22841,2025-08-19,Tarde,79,0,41
22842,2025-08-19,Noche,78,0,81
22843,2025-08-20,Mediodia,02,0,64
22844,2025-08-20,Tarde,43,0,
22845,2025-08-20,Noche,16,1,49
22846,2025-08-21,Mediodia,11,1,45
22847,2025-08-21,Tarde,07,0,41
22848,2025-08-21,Noche,03,1,15
22849,2025-08-22,Mediodia,76,0,96
22850,2025-08-22,Tarde,40,0,94
22851,2025-08-22,Noche,21,0,31
22852,2025-08-23,Mediodia,14,0,26
22853,2025-08-23,Tarde,00,0,40
22854,2025-08-23,Noche,07,1,52
22855,2025-08-24,Mediodia,83,0,68
22856,2025-08-24,Tarde,47,0,79
22857,2025-08-24,Noche,51,0,58
22858,2025-08-25,Mediodia,03,1,69
22859,2025-08-25,Tarde,19,0,31
22860,2025-08-25,Noche,21,0,81
22864,2025-08-27,Mediodia,68,0,91
22865,2025-08-27,Tarde,38,1,65
22866,2025-08-27,Noche,16,0,82
22867,2025-08-28,Mediodia,34,0,41
22868,2025-08-28,Tarde,69,0,34
22869,2025-08-28,Noche,30,0,15
22870,2025-08-29,Mediodia,35,0,03
22871,2025-08-29,Tarde,45,0,91
22872,2025-08-29,Noche,21,1,49
22873,2025-08-30,Mediodia,24,0,38
22874,2025-08-30,Tarde,16,0,82
22875,2025-08-30,Noche,27,1,
22876,2025-08-31,Mediodia,65,1,03
22877,2025-08-31,Tarde,10,1,12
22878,2025-08-31,Noche,09,0,01
22879,2025-09-01,Mediodia,48,0,07
22880,2025-09-01,Tarde,22,1,83
22881,2025-09-01,Noche,33,1,94
22882,2025-09-02,Mediodia,83,0,75
22883,2025-09-02,Tarde,00,0,98
22884,2025-09-02,Noche,82,0,55
22885,2025-09-03,Mediodia,29,0,36
22886,2025-09-03,Tarde,09,1,
22887,2025-09-03,Noche,20,0,25
22888,2025-09-04,Mediodia,78,1,23
22889,2025-09-04,Tarde,26,0,85
22890,2025-09-04,Noche,52,0,18
22891,2025-09-05,Mediodia,46,1,30
22892,2025-09-05,Tarde,75,1,62
22893,2025-09-05,Noche,94,0,20
22894,2025-09-06,Mediodia,28,0,18
22895,2025-09-06,Tarde,94,0,69
22896,2025-09-06,Noche,53,0,56
22897,2025-09-07,Mediodia,70,1,59
22898,2025-09-07,Tarde,63,0,94
22899,2025-09-07,Noche,58,1,98
22900,2025-09-08,Mediodia,52,0,27
22901,2025-09-08,Tarde,00,0,90
22902,2025-09-08,Noche,39,0,18
22903,2025-09-09,Mediodia,42,1,87
22904,2025-09-09,Tarde,15,0,58
22905,2025-09-09,Noche,07,1,52
22906,2025-09-10,Mediodia,14,0,28
22907,2025-09-10,Tarde,09,1,39
22908,2025-09-10,Noche,39,1,49
22909,2025-09-11,Mediodia,21,0,66
22910,2025-09-11,Tarde,60,0,23
22911,2025-09-11,Noche,34,0,80
22912,2025-09-12,Mediodia,01,0,09
22913,2025-09-12,Tarde,03,1,
22914,2025-09-12,Noche,05,1,11
22915,2025-09-13,Mediodia,47,0,85
22916,2025-09-13,Tarde,04,1,94
22917,2025-09-13,Noche,58,0,77
22918,2025-09-14,Mediodia,81,0,46
22919,2025-09-14,Tarde,55,0,81
22920,2025-09-14,Noche,67,0,66
22921,2025-09-15,Mediodia,88,0,83
22922,2025-09-15,Tarde,17,1,38
22923,2025-09-15,Noche,12,0,28
22924,2025-09-16,Mediodia,38,1,98
22925,2025-09-16,Tarde,81,0,23
22926,2025-09-16,Noche,95,0,20
22927,2025-09-17,Mediodia,42,1,39
22928,2025-09-17,Tarde,90,1,90
22929,2025-09-17,Noche,76,1,71
22930,2025-09-18,Mediodia,55,1,99
22931,2025-09-18,Tarde,58,0,54
22932,2025-09-18,Noche,05,0,94
22933,2025-09-19,Mediodia,20,0,81
22934,2025-09-19,Tarde,22,1,07
22935,2025-09-19,Noche,14,0,89
22936,2025-09-20,Mediodia,69,0,86
22937,2025-09-20,Tarde,75,0,67
22938,2025-09-20,Noche,25,0,46
22939,2025-09-21,Mediodia,03,0,40
22940,2025-09-21,Tarde,90,1,25
22941,2025-09-21,Noche,60,0,06
22942,2025-09-22,Mediodia,22,0,99
22943,2025-09-22,Tarde,32,1,05
22944,2025-09-22,Noche,93,0,28
22945,2025-09-23,Mediodia,89,0,93
22946,2025-09-23,Tarde,84,0,91
22947,2025-09-23,Noche,77,0,24
22948,2025-09-24,Mediodia,70,1,97
22949,2025-09-24,Tarde,36,0,
22950,2025-09-24,Noche,52,0,32
22951,2025-09-25,Mediodia,04,0,84
22952,2025-09-25,Tarde,05,1,66
22953,2025-09-25,Noche,38,0,74
22954,2025-09-26,Mediodia,50,1,87
22955,2025-09-26,Tarde,01,0,15
22956,2025-09-26,Noche,72,1,06
22957,2025-09-27,Mediodia,54,0,90
22958,2025-09-27,Tarde,72,0,70
22959,2025-09-27,Noche,73,0,55
22960,2025-09-28,Mediodia,47,1,99
22961,2025-09-28,Tarde,35,1,27
22962,2025-09-28,Noche,24,0,07
22963,2025-09-29,Mediodia,55,1,67
22964,2025-09-29,Tarde,68,1,26
22965,2025-09-29,Noche,96,0,55
22966,2025-09-30,Mediodia,40,0,72
22967,2025-09-30,Tarde,56,0,19
22968,2025-09-30,Noche,15,1,31
22969,2025-10-01,Mediodia,88,1,40
22970,2025-10-01,Tarde,70,0,96
22971,2025-10-01,Noche,01,0,83
22972,2025-10-02,Mediodia,70,0,82
22973,2025-10-02,Tarde,45,1,18
22974,2025-10-02,Noche,32,0,24
22975,2025-10-03,Mediodia,83,0,27
22976,2025-10-03,Tarde,89,0,54
22977,2025-10-03,Noche,72,0,43
22978,2025-10-04,Mediodia,55,0,39
22979,2025-10-04,Tarde,47,1,82
22980,2025-10-04,Noche,42,1,78
22981,2025-10-05,Mediodia,02,1,14
22982,2025-10-05,Tarde,63,0,11
22983,2025-10-05,Noche,85,0,74
22984,2025-10-06,Mediodia,09,1,16
22985,2025-10-06,Tarde,97,0,05
22986,2025-10-06,Noche,52,1,29
22987,2025-10-07,Mediodia,70,0,93
22988,2025-10-07,Tarde,03,0,33
22989,2025-10-07,Noche,43,1,31
22990,2025-10-08,Mediodia,08,0,80
22991,2025-10-08,Tarde,48,0,
22992,2025-10-08,Noche,38,0,91
22993,2025-10-09,Mediodia,83,0,14
22994,2025-10-09,Tarde,39,1,
22995,2025-10-09,Noche,12,0,
22996,2025-10-10,Mediodia,88,0,13
22997,2025-10-10,Tarde,15,0,84
22998,2025-10-10,Noche,86,0,68
22999,2025-10-11,Mediodia,24,0,45
23000,2025-10-11,Tarde,93,0,91
23001,2025-10-11,Noche,99,0,18
23002,2025-10-12,Mediodia,22,1,86
23003,2025-10-12,Tarde,98,0,98
23004,2025-10-12,Noche,15,0,60
23005,2025-10-13,Mediodia,67,0,40
23006,2025-10-13,Tarde,44,0,25
23007,2025-10-13,Noche,79,0,76
23008,2025-10-14,Mediodia,16,0,57
23009,2025-10-14,Tarde,56,0,20
23010,2025-10-14,Noche,01,0,33
23011,2025-10-15,Mediodia,38,0,03
23012,2025-10-15,Tarde,56,0,90
23013,2025-10-15,Noche,27,0,97
23014,2025-10-16,Mediodia,12,1,71
23015,2025-10-16,Tarde,87,1,06
23016,2025-10-16,Noche,62,1,06
23017,2025-10-17,Mediodia,44,1,13
23018,2025-10-17,Tarde,37,0,32
23019,2025-10-17,Noche,02,0,27
23020,2025-10-18,Mediodia,13,0,75
23021,2025-10-18,Tarde,38,1,69
23022,2025-10-18,Noche,62,0,20
23023,2025-10-19,Mediodia,62,0,22
23024,2025-10-19,Tarde,55,0,64
23025,2025-10-19,Noche,60,0,41
23026,2025-10-20,Mediodia,47,1,10
23027,2025-10-20,Tarde,91,1,
23028,2025-10-20,Noche,12,1,17
23029,2025-10-21,Mediodia,73,0,95
23030,2025-10-21,Tarde,52,0,54
23031,2025-10-21,Noche,31,1,72
23032,2025-10-22,Mediodia,32,1,81
23033,2025-10-22,Tarde,80,1,22
23034,2025-10-22,Noche,13,0,08
23035,2025-10-23,Mediodia,74,0,38
23036,2025-10-23,Tarde,01,0,28
23037,2025-10-23,Noche,03,0,85
23038,2025-10-24,Mediodia,02,0,42
23039,2025-10-24,Tarde,44,1,77
23040,2025-10-24,Noche,17,0,42
23041,2025-10-25,Mediodia,50,0,45
23042,2025-10-25,Tarde,09,1,78
23043,2025-10-25,Noche,51,1,51
23044,2025-10-26,Mediodia,55,1,03
23045,2025-10-26,Tarde,00,0,11
23046,2025-10-26,Noche,77,1,23
23047,2025-10-27,Mediodia,56,0,26
23048,2025-10-27,Tarde,53,0,
23049,2025-10-27,Noche,39,0,82
23050,2025-10-28,Mediodia,18,0,80
23051,2025-10-28,Tarde,09,0,67
23052,2025-10-28,Noche,22,0,74
23053,2025-10-29,Mediodia,35,0,95
23054,2025-10-29,Tarde,43,0,06
23055,2025-10-29,Noche,51,1,64
23056,2025-10-30,Mediodia,71,0,02
23057,2025-10-30,Tarde,56,0,54
23058,2025-10-30,Noche,38,0,67
23059,2025-10-31,Mediodia,74,0,10
23060,2025-10-31,Tarde,51,0,84
23061,2025-10-31,Noche,85,0,64
23062,2025-11-01,Mediodia,44,1,17
23063,2025-11-01,Tarde,17,0,88
23064,2025-11-01,Noche,47,1,18
23065,2025-11-02,Mediodia,91,1,90
23066,2025-11-02,Tarde,68,0,81
23067,2025-11-02,Noche,73,0,78
23068,2025-11-03,Mediodia,86,0,99
23069,2025-11-03,Tarde,91,0,93
23070,2025-11-03,Noche,22,0,64
23071,2025-11-04,Mediodia,65,0,45
23072,2025-11-04,Tarde,83,1,30
23073,2025-11-04,Noche,17,0,32
23074,2025-11-05,Mediodia,62,1,50
23075,2025-11-05,Tarde,79,1,63
23076,2025-11-05,Noche,46,0,
23077,2025-11-06,Mediodia,59,0,30
23078,2025-11-06,Tarde,11,0,26
23079,2025-11-06,Noche,72,1,37
23080,2025-11-07,Mediodia,59,0,83
23081,2025-11-07,Tarde,87,1,09
23082,2025-11-07,Noche,07,0,53
23083,2025-11-08,Mediodia,13,1,71
23084,2025-11-08,Tarde,49,0,90
23085,2025-11-08,Noche,35,1,56
23086,2025-11-09,Mediodia,22,1,51
23087,2025-11-09,Tarde,49,0,50
23088,2025-11-09,Noche,07,0,96
23089,2025-11-10,Mediodia,42,0,16
23090,2025-11-10,Tarde,28,0,45
23091,2025-11-10,Noche,11,1,69
23092,2025-11-11,Mediodia,50,0,08
23093,2025-11-11,Tarde,43,0,81
23094,2025-11-11,Noche,00,0,62
23095,2025-11-12,Mediodia,98,0,68
23096,2025-11-12,Tarde,59,1,50
23097,2025-11-12,Noche,35,0,95
23098,2025-11-13,Mediodia,76,0,61
23099,2025-11-13,Tarde,71,0,99
23100,2025-11-13,Noche,43,1,99
23101,2025-11-14,Mediodia,42,0,71
23102,2025-11-14,Tarde,70,0,29
23103,2025-11-14,Noche,65,0,80
23104,2025-11-15,Mediodia,80,0,06
23105,2025-11-15,Tarde,92,1,67
23106,2025-11-15,Noche,56,0,89
23107,2025-11-16,Mediodia,69,0,34
23108,2025-11-16,Tarde,24,0,37
23109,2025-11-16,Noche,31,0,95
23110,2025-11-17,Mediodia,05,0,26
23111,2025-11-17,Tarde,29,0,68
23112,2025-11-17,Noche,03,1,27
23113,2025-11-18,Mediodia,47,1,99
23114,2025-11-18,Tarde,33,0,
23115,2025-11-18,Noche,32,1,97
23116,2025-11-19,Mediodia,84,0,17
23117,2025-11-19,Tarde,56,0,57
23118,2025-11-19,Noche,15,0,21
23119,2025-11-20,Mediodia,07,0,63
23120,2025-11-20,Tarde,79,1,05
23121,2025-11-20,Noche,88,0,22
23122,2025-11-21,Mediodia,91,0,66
23123,2025-11-21,Tarde,45,1,48
23124,2025-11-21,Noche,02,0,96
23125,2025-11-22,Mediodia,49,0,49
23126,2025-11-22,Tarde,37,1,98
23127,2025-11-22,Noche,45,1,85
23128,2025-11-23,Mediodia,33,0,11
23129,2025-11-23,Tarde,62,1,29
23130,2025-11-23,Noche,99,0,26
23131,2025-11-24,Mediodia,04,0,13
23132,2025-11-24,Tarde,81,1,62
23133,2025-11-24,Noche,38,0,57
23134,2025-11-25,Mediodia,49,0,88
23135,2025-11-25,Tarde,81,0,26
23136,2025-11-25,Noche,91,0,59
23137,2025-11-26,Mediodia,15,0,55
23138,2025-11-26,Tarde,40,0,21
23139,2025-11-26,Noche,29,0,16
23140,2025-11-27,Mediodia,31,0,11
23141,2025-11-27,Tarde,43,0,62
23142,2025-11-27,Noche,87,0,
23143,2025-11-28,Mediodia,12,1,17
23144,2025-11-28,Tarde,78,1,63
23145,2025-11-28,Noche,10,0,46
23146,2025-11-29,Mediodia,73,1,66
23147,2025-11-29,Tarde,55,0,82
23148,2025-11-29,Noche,25,0,22
23149,2025-11-30,Mediodia,80,0,78
23150,2025-11-30,Tarde,05,0,32
23151,2025-11-30,Noche,78,0,46
23152,2025-12-01,Mediodia,79,1,71
23153,2025-12-01,Tarde,78,1,24
23154,2025-12-01,Noche,37,1,19
23158,2025-12-03,Mediodia,37,0,71
23159,2025-12-03,Tarde,37,0,03
23160,2025-12-03,Noche,22,0,46
23161,2025-12-04,Mediodia,16,1,54
23162,2025-12-04,Tarde,89,0,43
23163,2025-12-04,Noche,81,0,23
23164,2025-12-05,Mediodia,12,0,04
23165,2025-12-05,Tarde,56,0,14
23166,2025-12-05,Noche,68,1,90
23167,2025-12-06,Mediodia,43,1,01
23168,2025-12-06,Tarde,43,0,13
23169,2025-12-06,Noche,57,1,29
23170,2025-12-07,Mediodia,53,1,23
23171,2025-12-07,Tarde,04,0,31
23172,2025-12-07,Noche,17,0,22
23173,2025-12-08,Mediodia,37,1,68
23174,2025-12-08,Tarde,89,0,54
23175,2025-12-08,Noche,11,1,38
23176,2025-12-09,Mediodia,02,0,58
23177,2025-12-09,Tarde,79,0,26
23178,2025-12-09,Noche,74,0,85
23179,2025-12-10,Mediodia,04,0,60
23180,2025-12-10,Tarde,40,0,26
23181,2025-12-10,Noche,26,1,35
23182,2025-12-11,Mediodia,85,1,78
23183,2025-12-11,Tarde,48,0,83
23184,2025-12-11,Noche,31,0,23
23185,2025-12-12,Mediodia,52,0,35
23186,2025-12-12,Tarde,46,1,25
23187,2025-12-12,Noche,76,1,24
23188,2025-12-13,Mediodia,59,0,23
23189,2025-12-13,Tarde,11,0,03
23190,2025-12-13,Noche,44,1,31
23191,2025-12-14,Mediodia,93,0,88
23192,2025-12-14,Tarde,64,0,43
23193,2025-12-14,Noche,78,0,25
23194,2025-12-15,Mediodia,86,0,06
23195,2025-12-15,Tarde,80,0,91
23196,2025-12-15,Noche,59,0,97
23197,2025-12-16,Mediodia,21,0,89
23198,2025-12-16,Tarde,89,0,98
23199,2025-12-16,Noche,60,0,90
23200,2025-12-17,Mediodia,45,0,90
23201,2025-12-17,Tarde,42,0,95
23202,2025-12-17,Noche,84,0,58
23203,2025-12-18,Mediodia,55,1,54
23204,2025-12-18,Tarde,81,0,47
23205,2025-12-18,Noche,33,0,90
23206,2025-12-19,Mediodia,97,1,92
23207,2025-12-19,Tarde,63,0,67
23208,2025-12-19,Noche,72,1,26
23209,2025-12-20,Mediodia,00,1,03
23210,2025-12-20,Tarde,67,0,41
23211,2025-12-20,Noche,01,0,31
23212,2025-12-21,Mediodia,37,0,15
23213,2025-12-21,Tarde,87,1,05
23214,2025-12-21,Noche,82,0,73
23215,2025-12-22,Mediodia,09,0,93
23216,2025-12-22,Tarde,37,0,62
23217,2025-12-22,Noche,08,0,86
23218,2025-12-23,Mediodia,24,0,71
23219,2025-12-23,Tarde,17,1,06
23220,2025-12-23,Noche,24,0,35
23221,2025-12-24,Mediodia,52,0,07
23222,2025-12-24,Tarde,19,0,81
23223,2025-12-26,Mediodia,76,0,99
23224,2025-12-26,Tarde,15,0,69
23225,2025-12-26,Noche,69,0,29
23226,2025-12-27,Mediodia,09,1,22
23227,2025-12-27,Tarde,18,0,41
23228,2025-12-27,Noche,91,0,47
23229,2025-12-28,Mediodia,78,1,32
23230,2025-12-28,Tarde,80,0,33
23231,2025-12-28,Noche,35,0,70
23232,2025-12-29,Mediodia,02,0,12
23233,2025-12-29,Tarde,75,1,73
23234,2025-12-29,Noche,01,0,38
23235,2025-12-30,Mediodia,79,0,53
23236,2025-12-30,Tarde,65,0,88
23237,2025-12-30,Noche,74,1,36
23238,2025-12-31,Mediodia,50,0,00
23239,2025-12-31,Tarde,14,0,79
23240,2026-01-02,Mediodia,30,0,21
23241,2026-01-02,Tarde,67,0,
23242,2026-01-02,Noche,06,1,13
23243,2026-01-03,Mediodia,90,0,63
23244,2026-01-03,Tarde,82,0,93
23245,2026-01-03,Noche,38,0,46
23246,2026-01-04,Mediodia,48,1,98
23247,2026-01-04,Tarde,04,0,04
23248,2026-01-04,Noche,03,0,53
23249,2026-01-05,Mediodia,04,0,82
23250,2026-01-05,Tarde,61,1,
23251,2026-01-05,Noche,25,0,36
23252,2026-01-06,Mediodia,36,1,83
23253,2026-01-06,Tarde,18,0,48
23254,2026-01-06,Noche,96,0,05
23255,2026-01-07,Mediodia,20,0,52
23256,2026-01-07,Tarde,58,0,52
23257,2026-01-07,Noche,73,0,48
23258,2026-01-08,Mediodia,29,1,06
23259,2026-01-08,Tarde,33,1,46
23260,2026-01-08,Noche,76,1,
23261,2026-01-09,Mediodia,95,0,95
23262,2026-01-09,Tarde,89,0,40
23263,2026-01-09,Noche,19,0,77
23264,2026-01-10,Mediodia,14,0,57
23265,2026-01-10,Tarde,87,1,20
23266,2026-01-10,Noche,19,0,69
23267,2026-01-11,Mediodia,57,0,56
23268,2026-01-11,Tarde,27,0,05
23269,2026-01-11,Noche,63,1,37
23270,2026-01-12,Mediodia,97,1,72
23271,2026-01-12,Tarde,26,0,
23272,2026-01-12,Noche,10,0,52
23273,2026-01-13,Mediodia,26,0,03
23274,2026-01-13,Tarde,32,1,89
23275,2026-01-13,Noche,55,1,91
23276,2026-01-14,Mediodia,36,0,19
23277,2026-01-14,Tarde,99,1,90
23278,2026-01-14,Noche,99,1,53
23279,2026-01-15,Mediodia,48,0,97
23280,2026-01-15,Tarde,75,0,50
23281,2026-01-15,Noche,72,0,97
23282,2026-01-16,Mediodia,88,1,41
23283,2026-01-16,Tarde,74,0,61
23284,2026-01-16,Noche,00,1,27
23285,2026-01-17,Mediodia,45,0,95
23286,2026-01-17,Tarde,54,0,09
23287,2026-01-17,Noche,33,1,51
23288,2026-01-18,Mediodia,01,0,83
23289,2026-01-18,Tarde,06,0,
23290,2026-01-18,Noche,63,0,61
23291,2026-01-19,Mediodia,01,0,07
23292,2026-01-19,Tarde,22,0,34
23293,2026-01-19,Noche,96,1,94
23294,2026-01-20,Mediodia,25,0,50
23295,2026-01-20,Tarde,39,0,56
23296,2026-01-20,Noche,76,1,38
23297,2026-01-21,Mediodia,09,1,86
23298,2026-01-21,Tarde,68,0,79
23299,2026-01-21,Noche,37,0,83
23300,2026-01-22,Mediodia,89,0,27
23301,2026-01-22,Tarde,78,0,77
23302,2026-01-22,Noche,13,0,41
23303,2026-01-23,Mediodia,80,0,39
23304,2026-01-23,Tarde,31,0,52
23305,2026-01-23,Noche,45,1,
23306,2026-01-24,Mediodia,70,1,81
23307,2026-01-24,Tarde,24,1,70
23308,2026-01-24,Noche,01,0,44
23309,2026-01-25,Mediodia,18,0,43
23310,2026-01-25,Tarde,96,0,07
23311,2026-01-25,Noche,85,0,52
23312,2026-01-26,Mediodia,44,0,48
23313,2026-01-26,Tarde,34,0,61
23314,2026-01-26,Noche,83,0,82
23315,2026-01-27,Mediodia,97,0,39
23316,2026-01-27,Tarde,03,0,04
23317,2026-01-27,Noche,58,0,50
23318,2026-01-28,Mediodia,27,0,09
23319,2026-01-28,Tarde,72,1,13
23320,2026-01-28,Noche,69,0,84
23321,2026-01-29,Mediodia,99,1,22
23322,2026-01-29,Tarde,16,0,
23323,2026-01-29,Noche,66,1,78
23324,2026-01-30,Mediodia,82,0,70
23325,2026-01-30,Tarde,92,1,
23326,2026-01-30,Noche,36,1,42
23327,2026-01-31,Mediodia,52,1,18
23328,2026-01-31,Tarde,67,0,98
23329,2026-01-31,Noche,63,1,29
23330,2026-02-02,Mediodia,46,0,04
23331,2026-02-02,Tarde,74,0,30
23332,2026-02-02,Noche,45,0,84
23333,2026-02-03,Mediodia,53,0,75
23334,2026-02-03,Tarde,97,0,90
23335,2026-02-03,Noche,84,0,32
23336,2026-02-04,Mediodia,74,1,42
23337,2026-02-04,Tarde,17,1,44
23338,2026-02-04,Noche,35,1,11
23339,2026-02-05,Mediodia,83,0,01
23340,2026-02-05,Tarde,46,1,13
23341,2026-02-05,Noche,38,0,65
23342,2026-02-06,Mediodia,73,0,48
23343,2026-02-06,Tarde,93,0,37
23344,2026-02-06,Noche,02,1,33
23345,2026-02-07,Mediodia,33,0,39
23346,2026-02-07,Tarde,27,0,45
23347,2026-02-07,Noche,69,1,85
23348,2026-02-08,Mediodia,25,1,62
23349,2026-02-08,Tarde,71,1,30
23350,2026-02-08,Noche,99,0,44
23351,2026-02-09,Mediodia,11,0,94
23352,2026-02-09,Tarde,91,0,36
23353,2026-02-09,Noche,08,0,05
23354,2026-02-10,Mediodia,77,1,36
23355,2026-02-10,Tarde,03,1,82
23356,2026-02-10,Noche,07,1,56
23357,2026-02-11,Mediodia,71,1,70
23358,2026-02-11,Tarde,30,0,75
23359,2026-02-11,Noche,30,0,43
23360,2026-02-12,Mediodia,01,0,10
23361,2026-02-12,Tarde,18,0,87
23362,2026-02-12,Noche,25,1,04
23363,2026-02-13,Mediodia,44,0,93
23364,2026-02-13,Tarde,81,1,45
23365,2026-02-13,Noche,91,0,65
23366,2026-02-14,Mediodia,40,1,83
23367,2026-02-14,Tarde,99,0,50
23368,2026-02-14,Noche,52,1,38
23369,2026-02-15,Mediodia,18,0,99
23370,2026-02-15,Tarde,47,0,54
23371,2026-02-15,Noche,32,0,86
23372,2026-02-16,Mediodia,52,1,69
23373,2026-02-16,Tarde,06,0,26
23374,2026-02-16,Noche,35,1,88
23375,2026-02-17,Mediodia,96,0,18
23376,2026-02-17,Tarde,94,0,29
23377,2026-02-17,Noche,70,0,86
23378,2026-02-18,Mediodia,20,0,97
23379,2026-02-18,Tarde,12,1,41
23380,2026-02-18,Noche,12,1,
23381,2026-02-19,Mediodia,53,1,45
23382,2026-02-19,Tarde,20,0,94
23383,2026-02-19,Noche,41,1,94
23384,2026-02-20,Mediodia,86,0,13
23385,2026-02-20,Tarde,97,0,14
23386,2026-02-20,Noche,21,1,
23387,2026-02-21,Mediodia,24,0,94
23388,2026-02-21,Tarde,97,0,54
23389,2026-02-21,Noche,87,0,99
23390,2026-02-22,Mediodia,91,1,73
23391,2026-02-22,Tarde,96,0,85
23392,2026-02-22,Noche,00,0,44
23393,2026-02-23,Mediodia,04,0,83
23394,2026-02-23,Tarde,99,0,15
23395,2026-02-23,Noche,43,0,
23396,2026-02-24,Mediodia,95,1,02
23397,2026-02-24,Tarde,32,0,92
23398,2026-02-24,Noche,33,0,82
23399,2026-02-25,Mediodia,14,0,72
23400,2026-02-25,Tarde,45,0,46
23401,2026-02-25,Noche,64,1,
23402,2026-02-26,Mediodia,37,1,48
23403,2026-02-26,Tarde,01,0,10
23404,2026-02-26,Noche,91,1,32
23405,2026-02-27,Mediodia,18,1,76
23406,2026-02-27,Tarde,59,0,
23407,2026-02-27,Noche,98,1,04
23408,2026-02-28,Mediodia,10,1,71
23409,2026-02-28,Tarde,14,1,67
23410,2026-02-28,Noche,80,1,68
23411,2026-03-01,Mediodia,88,0,69
23412,2026-03-01,Tarde,16,1,41
23413,2026-03-01,Noche,59,1,21
23414,2026-03-02,Mediodia,63,1,19
23415,2026-03-02,Tarde,31,1,89
23416,2026-03-02,Noche,04,1,32
23417,2026-03-03,Mediodia,30,1,71
23418,2026-03-03,Tarde,79,1,40
23419,2026-03-03,Noche,85,1,54
23420,2026-03-04,Mediodia,55,0,93
23421,2026-03-04,Tarde,55,0,37
23422,2026-03-04,Noche,14,0,41
23423,2026-03-05,Mediodia,54,1,24
23424,2026-03-05,Tarde,88,0,35
23425,2026-03-05,Noche,57,0,06
23426,2026-03-06,Mediodia,04,0,94
23427,2026-03-06,Tarde,15,0,54
23428,2026-03-06,Noche,51,0,05
23429,2026-03-07,Mediodia,26,0,14
23430,2026-03-07,Tarde,02,1,19
23431,2026-03-07,Noche,04,0,41
23432,2026-03-08,Mediodia,67,0,96
23433,2026-03-08,Tarde,17,0,77
23434,2026-03-08,Noche,11,0,41
23435,2026-03-09,Mediodia,44,0,22
23436,2026-03-09,Tarde,64,1,40
23437,2026-03-09,Noche,13,0,30
23438,2026-03-10,Mediodia,51,0,37
23439,2026-03-10,Tarde,46,0,96
23440,2026-03-10,Noche,31,1,05
23441,2026-03-11,Mediodia,63,0,72
23442,2026-03-11,Tarde,12,0,95
23443,2026-03-11,Noche,02,0,64
23444,2026-03-12,Mediodia,23,1,84
23445,2026-03-12,Tarde,43,1,64
23446,2026-03-12,Noche,28,1,50
23447,2026-03-13,Mediodia,99,1,02
23448,2026-03-13,Tarde,76,0,60
23449,2026-03-13,Noche,08,0,60
23450,2026-03-14,Mediodia,82,0,41
23451,2026-03-14,Tarde,06,1,69
23452,2026-03-14,Noche,07,1,95
23453,2026-03-15,Mediodia,69,1,35
23454,2026-03-15,Tarde,99,0,35
23455,2026-03-15,Noche,72,0,40
23456,2026-03-16,Mediodia,97,1,15
23457,2026-03-16,Tarde,33,1,38
23458,2026-03-16,Noche,22,1,64
23459,2026-03-17,Mediodia,55,1,30
23460,2026-03-17,Tarde,88,1,55
23461,2026-03-17,Noche,15,0,32
23462,2026-03-18,Mediodia,29,1,37
23463,2026-03-18,Tarde,86,0,67
23464,2026-03-18,Noche,15,0,32
23465,2026-03-19,Mediodia,41,1,70
23466,2026-03-19,Tarde,41,1,79
23467,2026-03-19,Noche,49,1,35
23468,2026-03-20,Mediodia,77,0,31
23469,2026-03-20,Tarde,21,0,76
23470,2026-03-20,Noche,22,0,92
23471,2026-03-21,Mediodia,77,1,25
23472,2026-03-21,Tarde,53,0,79
23473,2026-03-21,Noche,48,0,42
23474,2026-03-22,Mediodia,13,0,54
23475,2026-03-22,Tarde,22,0,70
23476,2026-03-22,Noche,14,1,42
23477,2026-03-23,Mediodia,04,1,61
23478,2026-03-23,Tarde,25,0,19
23479,2026-03-23,Noche,99,0,93
23480,2026-03-24,Mediodia,71,0,91
23481,2026-03-24,Tarde,71,0,26
23482,2026-03-24,Noche,37,1,87
23483,2026-03-25,Mediodia,09,0,32
23484,2026-03-25,Tarde,14,0,58
23485,2026-03-25,Noche,72,0,07
23486,2026-03-26,Mediodia,06,1,97
23487,2026-03-26,Tarde,58,1,07
23488,2026-03-26,Noche,01,1,60
23489,2026-03-27,Mediodia,07,0,61
23490,2026-03-27,Tarde,23,0,46
23491,2026-03-27,Noche,28,1,56
23492,2026-03-28,Mediodia,62,0,32
23493,2026-03-28,Tarde,46,0,22
23494,2026-03-28,Noche,42,1,50
23495,2026-03-29,Mediodia,14,1,02
23496,2026-03-29,Tarde,33,1,21
23497,2026-03-29,Noche,46,0,73
23498,2026-03-30,Mediodia,45,0,68
23499,2026-03-30,Tarde,11,0,32
23500,2026-03-30,Noche,17,0,52
23501,2026-03-31,Mediodia,55,0,20
23502,2026-03-31,Tarde,08,0,98
23503,2026-03-31,Noche,78,0,93
23504,2026-04-01,Mediodia,59,0,62
23505,2026-04-01,Tarde,74,0,62
23506,2026-04-01,Noche,16,0,70
23507,2026-04-06,Mediodia,48,1,78
23508,2026-04-06,Tarde,17,1,66
23509,2026-04-06,Noche,85,0,77
23510,2026-04-07,Mediodia,42,0,04
23511,2026-04-07,Tarde,98,0,41
23512,2026-04-07,Noche,16,0,31
23513,2026-04-08,Mediodia,71,0,12
23514,2026-04-08,Tarde,61,0,32
23515,2026-04-08,Noche,76,1,53
23516,2026-04-09,Mediodia,54,1,14
23517,2026-04-09,Tarde,69,0,55
23518,2026-04-09,Noche,12,1,82
23519,2026-04-10,Mediodia,08,0,81
23520,2026-04-10,Tarde,96,0,20
23521,2026-04-10,Noche,27,0,91
23522,2026-04-11,Mediodia,20,0,99
23523,2026-04-11,Tarde,68,0,96
23524,2026-04-11,Noche,80,0,75
23525,2026-04-12,Mediodia,47,0,94
23526,2026-04-12,Tarde,46,1,86
23527,2026-04-12,Noche,81,0,08
23528,2026-04-13,Mediodia,54,1,52
23529,2026-04-13,Tarde,68,1,09
23530,2026-04-13,Noche,91,0,85
23531,2026-04-14,Mediodia,26,0,24
23532,2026-04-14,Tarde,68,0,58
23533,2026-04-14,Noche,62,1,66
23534,2026-04-15,Mediodia,50,0,44
23535,2026-04-15,Tarde,02,0,80
23536,2026-04-15,Noche,12,1,67
23537,2026-04-16,Mediodia,63,1,50
23538,2026-04-16,Tarde,47,0,68
23539,2026-04-16,Noche,18,0,77
23540,2026-04-17,Mediodia,49,0,53
23541,2026-04-17,Tarde,88,0,21
23542,2026-04-17,Noche,20,1,35
23543,2026-04-18,Mediodia,73,1,67
23544,2026-04-18,Tarde,92,0,81
23545,2026-04-18,Noche,24,0,10
23546,2026-04-19,Mediodia,85,0,17
23547,2026-04-19,Tarde,47,0,99
23548,2026-04-19,Noche,77,0,41
23549,2026-04-20,Mediodia,58,1,97
23550,2026-04-20,Tarde,43,0,11
23551,2026-04-20,Noche,05,1,34
23552,2026-04-21,Mediodia,43,0,96
23553,2026-04-21,Tarde,33,0,02
23554,2026-04-21,Noche,73,1,49
23555,2026-04-22,Mediodia,25,0,35
23556,2026-04-22,Tarde,69,1,54
23557,2026-04-22,Noche,23,0,94
23558,2026-04-23,Mediodia,33,0,05
23559,2026-04-23,Tarde,65,0,90
23560,2026-04-23,Noche,83,0,55
23561,2026-04-24,Mediodia,64,1,14
23562,2026-04-24,Tarde,26,1,42
23563,2026-04-24,Noche,32,1,04
23564,2026-04-25,Mediodia,31,1,30
23565,2026-04-25,Tarde,40,1,17
23566,2026-04-25,Noche,69,1,73
23567,2026-04-26,Mediodia,50,1,48
23568,2026-04-26,Tarde,64,0,49
23569,2026-04-26,Noche,96,0,23
23570,2026-04-27,Mediodia,82,0,48
23571,2026-04-27,Tarde,66,0,50
23572,2026-04-27,Noche,96,0,28
23573,2026-04-28,Mediodia,02,0,07
23574,2026-04-28,Tarde,46,0,40
23575,2026-04-28,Noche,02,1,42
23576,2026-04-29,Mediodia,41,1,62
23577,2026-04-29,Tarde,17,1,61
23578,2026-04-29,Noche,12,1,20
23579,2026-04-30,Mediodia,86,1,51
23580,2026-04-30,Tarde,12,0,32
23581,2026-04-30,Noche,43,0,71
23582,2026-05-01,Mediodia,69,0,88
23583,2026-05-01,Tarde,36,0,80
23584,2026-05-01,Noche,18,0,06
23585,2026-05-02,Mediodia,02,0,85
23586,2026-05-02,Tarde,50,0,54
23587,2026-05-02,Noche,30,0,25
23588,2026-05-03,Mediodia,77,0,70
23589,2026-05-03,Tarde,23,1,13
23590,2026-05-03,Noche,16,0,20
23591,2026-05-04,Mediodia,00,0,11
23592,2026-05-04,Tarde,97,0,80
23593,2026-05-04,Noche,52,0,78
23594,2026-05-05,Mediodia,76,0,03
23597,2026-05-06,Mediodia,59,1,16
23598,2026-05-06,Tarde,99,0,61
23599,2026-05-06,Noche,68,1,60
23600,2026-05-07,Mediodia,87,0,76
23601,2026-05-07,Tarde,63,1,34
23602,2026-05-07,Noche,09,1,48
23603,2026-05-08,Mediodia,66,1,88
23604,2026-05-08,Tarde,85,0,72
23605,2026-05-08,Noche,92,0,61
23606,2026-05-09,Mediodia,51,0,63
23607,2026-05-09,Tarde,29,1,90
23608,2026-05-09,Noche,10,1,91
23609,2026-05-10,Mediodia,50,0,47
23610,2026-05-10,Tarde,15,1,29
23611,2026-05-10,Noche,92,1,99
23612,2026-05-11,Mediodia,21,1,81
23613,2026-05-11,Tarde,83,1,41
23614,2026-05-11,Noche,61,0,09
23615,2026-05-12,Mediodia,40,1,22
23616,2026-05-12,Tarde,97,0,01
23617,2026-05-12,Noche,68,0,40
23618,2026-05-13,Mediodia,72,1,43
23619,2026-05-13,Tarde,71,0,68
23620,2026-05-13,Noche,14,0,49
23621,2026-05-14,Mediodia,30,0,19
23622,2026-05-14,Tarde,78,1,91
23623,2026-05-14,Noche,01,0,28
23624,2026-05-15,Mediodia,68,0,04
23625,2026-05-15,Tarde,86,0,57
23626,2026-05-15,Noche,82,1,42
23627,2026-05-16,Mediodia,56,0,30
23628,2026-05-16,Tarde,71,1,12
23629,2026-05-16,Noche,61,0,63
23630,2026-05-17,Mediodia,90,1,78
23631,2026-05-17,Tarde,89,1,52
23632,2026-05-17,Noche,85,1,81
23633,2026-05-18,Mediodia,27,0,84
23634,2026-05-18,Tarde,86,1,69
23635,2026-05-18,Noche,49,1,01
23636,2026-05-19,Mediodia,06,0,00
23637,2026-05-19,Tarde,06,0,54
23638,2026-05-19,Noche,24,1,00
23639,2026-05-20,Mediodia,03,1,51
23640,2026-05-20,Tarde,44,0,98
23641,2026-05-20,Noche,95,0,80
23642,2026-05-21,Mediodia,83,0,70
23643,2026-05-21,Tarde,75,1,81
23644,2026-05-21,Noche,21,1,39
23645,2026-05-22,Mediodia,06,0,83
23646,2026-05-22,Tarde,66,1,70
23647,2026-05-22,Noche,56,0,29
23648,2026-05-23,Mediodia,97,0,46
23649,2026-05-23,Tarde,02,1,01
23650,2026-05-23,Noche,54,0,57
23651,2026-05-24,Mediodia,39,0,02
23652,2026-05-24,Tarde,36,0,13
23653,2026-05-24,Noche,05,0,67
23654,2026-05-25,Mediodia,00,0,40
23655,2026-05-25,Tarde,29,0,35
23656,2026-05-25,Noche,30,1,74
23657,2026-05-26,Mediodia,46,0,36
23658,2026-05-26,Tarde,49,1,11
23659,2026-05-26,Noche,53,0,10
23660,2026-05-27,Mediodia,24,1,91
23661,2026-05-27,Tarde,57,0,01
23662,2026-05-27,Noche,10,1,59
23663,2026-05-28,Mediodia,11,0,44
23664,2026-05-28,Tarde,98,0,42
23665,2026-05-28,Noche,45,0,36
23666,2026-05-29,Mediodia,94,0,98
23667,2026-05-29,Tarde,71,0,79
23668,2026-05-29,Noche,30,0,26
23669,2026-05-30,Mediodia,04,0,64
23670,2026-05-30,Tarde,83,0,63
23671,2026-05-30,Noche,32,0,18
23672,2026-05-31,Mediodia,79,1,95
23673,2026-05-31,Tarde,35,1,92
23674,2026-05-31,Noche,29,1,01
23675,2026-06-01,Mediodia,07,0,28
23676,2026-06-01,Tarde,78,0,55
23677,2026-06-01,Noche,42,0,07
23678,2026-06-02,Mediodia,24,0,06
23679,2026-06-02,Tarde,88,0,92
23680,2026-06-02,Noche,58,1,37
23681,2026-06-03,Mediodia,54,0,28
23682,2026-06-03,Tarde,04,0,07
23683,2026-06-03,Noche,81,0,08
23684,2026-06-04,Mediodia,11,0,85
23685,2026-06-04,Tarde,95,0,85
23686,2026-06-04,Noche,63,1,94
23687,2026-06-05,Mediodia,42,0,73
23688,2026-06-05,Tarde,13,0,00
23689,2026-06-05,Noche,96,1,99
23690,2026-06-06,Mediodia,27,1,75
23691,2026-06-06,Tarde,78,1,55
23692,2026-06-06,Noche,62,0,27
23693,2026-06-07,Mediodia,70,1,33
23694,2026-06-07,Tarde,81,1,57
23695,2026-06-07,Noche,91,0,46
23696,2026-06-08,Mediodia,73,0,66
23697,2026-06-08,Tarde,56,1,84
23698,2026-06-08,Noche,84,0,08
23699,2026-06-09,Mediodia,07,0,35
23700,2026-06-09,Tarde,86,0,65
23701,2026-06-09,Noche,12,1,47
23702,2026-06-10,Mediodia,95,1,45
23703,2026-06-10,Tarde,00,0,50
23704,2026-06-10,Noche,08,0,28
23705,2026-06-11,Mediodia,84,0,29
23706,2026-06-11,Tarde,03,0,80
23707,2026-06-11,Noche,29,0,32
23708,2026-06-12,Mediodia,56,0,68
23709,2026-06-12,Tarde,07,0,37
23710,2026-06-12,Noche,93,0,17
23711,2026-06-13,Mediodia,42,0,94
23712,2026-06-13,Tarde,29,0,37
23713,2026-06-13,Noche,59,0,47
23714,2026-06-14,Mediodia,64,1,32
23715,2026-06-14,Tarde,29,1,00
23716,2026-06-14,Noche,63,0,58
23717,2026-06-15,Mediodia,63,0,64
23718,2026-06-15,Tarde,65,1,06
23719,2026-06-15,Noche,12,0,05
23720,2026-06-16,Mediodia,37,1,78
23721,2026-06-16,Tarde,37,1,79
23722,2026-06-16,Noche,39,0,83
23723,2026-06-17,Mediodia,31,0,34
23724,2026-06-17,Tarde,31,1,85
23725,2026-06-17,Noche,14,0,01
23726,2026-06-18,Mediodia,69,0,59
23727,2026-06-18,Tarde,48,0,69
23728,2026-06-18,Noche,21,0,53
23729,2026-06-19,Mediodia,52,1,29
23730,2026-06-19,Tarde,44,1,41
23731,2026-06-19,Noche,93,0,67
23732,2026-06-20,Mediodia,28,1,05
23733,2026-06-20,Tarde,01,0,29
23734,2026-06-20,Noche,46,0,71
23735,2026-06-21,Mediodia,40,0,09
23736,2026-06-21,Tarde,19,1,67
23737,2026-06-21,Noche,70,0,55
23738,2026-06-22,Mediodia,75,1,76
23739,2026-06-22,Tarde,73,1,03
23740,2026-06-22,Noche,47,0,05
23741,2026-06-23,Mediodia,84,1,03
23742,2026-06-23,Tarde,12,1,74
23743,2026-06-23,Noche,30,0,58
23744,2026-06-24,Mediodia,81,1,23
23745,2026-06-24,Tarde,20,0,61
23746,2026-06-24,Noche,95,0,23
23747,2026-06-25,Mediodia,96,1,81
23748,2026-06-25,Tarde,93,0,30
23749,2026-06-25,Noche,41,1,78
23750,2026-06-26,Mediodia,99,0,33
23751,2026-06-26,Tarde,61,0,72
23752,2026-06-26,Noche,59,0,67
23753,2026-06-27,Mediodia,33,0,26
23754,2026-06-27,Tarde,69,0,90
23755,2026-06-27,Noche,72,0,70
23756,2026-06-28,Mediodia,21,0,86
23757,2026-06-28,Tarde,48,0,39
23758,2026-06-28,Noche,11,0,93
23759,2026-06-29,Mediodia,45,1,14
23760,2026-06-29,Tarde,69,0,30
23761,2026-06-29,Noche,89,1,87
23762,2026-06-30,Mediodia,97,1,54
23763,2026-06-30,Tarde,34,0,26
23764,2026-06-30,Noche,84,0,19
23765,2026-07-01,Mediodia,67,0,68
23766,2026-07-01,Tarde,33,1,95
23767,2026-07-01,Noche,63,0,14
23768,2026-07-02,Mediodia,78,0,03
23769,2026-07-02,Tarde,02,0,24
23770,2026-07-02,Noche,54,0,79
23771,2026-07-03,Mediodia,96,1,78
23772,2026-07-03,Tarde,40,1,65
23773,2026-07-03,Noche,17,0,91
23774,2026-07-04,Mediodia,83,0,00
23775,2026-07-04,Tarde,91,0,64
23776,2026-07-04,Noche,08,1,11
23777,2026-07-05,Mediodia,04,0,57
23778,2026-07-05,Tarde,11,0,33
23779,2026-07-05,Noche,79,0,03
23780,2026-07-06,Mediodia,38,0,03
23781,2026-07-06,Tarde,36,0,45
23782,2026-07-06,Noche,58,0,27
23783,2026-07-07,Mediodia,34,1,98
23784,2026-07-07,Tarde,88,0,63
23785,2026-07-07,Noche,48,1,15
23786,2026-07-08,Mediodia,12,1,52
23787,2026-07-08,Tarde,92,1,47
23788,2026-07-08,Noche,71,0,67
23789,2026-07-09,Mediodia,13,0,03
23790,2026-07-09,Tarde,18,0,64
23791,2026-07-09,Noche,53,0,54
23792,2026-07-10,Mediodia,78,0,14
23793,2026-07-10,Tarde,58,0,14
23794,2026-07-10,Noche,34,0,43
23795,2026-07-11,Mediodia,36,1,30
23796,2026-07-11,Tarde,58,1,97
23797,2026-07-11,Noche,70,0,31
23798,2026-07-12,Mediodia,91,1,19
23799,2026-07-12,Tarde,83,0,85
23800,2026-07-12,Noche,80,1,59
23801,2026-07-13,Mediodia,93,1,61
23802,2026-07-13,Tarde,92,1,53
23803,2026-07-13,Noche,33,1,88
23804,2026-07-14,Mediodia,51,0,96
23805,2026-07-14,Tarde,26,1,15
23806,2026-07-14,Noche,99,1,76
23807,2026-07-15,Mediodia,27,1,24
23808,2026-07-15,Tarde,63,0,16
23809,2026-07-15,Noche,98,0,57
23810,2026-07-16,Mediodia,07,0,60
23811,2026-07-16,Tarde,51,0,36
23812,2026-07-16,Noche,04,1,07
23813,2026-07-17,Mediodia,29,0,34
23814,2026-07-17,Tarde,88,0,07
23815,2026-07-17,Noche,20,0,06
23816,2026-07-18,Mediodia,04,0,04
23817,2026-07-18,Tarde,78,0,88
23818,2026-07-18,Noche,06,0,73
23819,2026-07-19,Mediodia,62,1,62
23820,2026-07-19,Tarde,43,0,26
23821,2026-07-19,Noche,73,0,13
23822,2026-07-20,Mediodia,82,0,26
23823,2026-07-20,Tarde,02,0,51
23824,2026-07-20,Noche,03,0,68
23825,2026-07-21,Mediodia,30,0,08
23826,2026-07-21,Tarde,72,1,68
23827,2026-07-21,Noche,10,0,48
23828,2026-07-22,Mediodia,75,0,43
23829,2026-07-22,Tarde,06,0,77
23830,2026-07-22,Noche,36,0,67
23831,2026-07-23,Mediodia,52,0,84
23832,2026-07-23,Tarde,90,1,76
23833,2026-07-23,Noche,83,1,39
23834,2026-07-24,Mediodia,25,0,99
23835,2026-07-24,Tarde,28,1,71
23836,2026-07-24,Noche,38,0,51
23837,2026-07-25,Mediodia,64,1,84
23838,2026-07-25,Tarde,24,1,33
23839,2026-07-25,Noche,77,0,25
23840,2026-07-26,Mediodia,76,0,52
23841,2026-07-26,Tarde,27,0,18
23842,2026-07-26,Noche,67,1,30
23843,2026-07-27,Mediodia,38,1,36
23844,2026-07-27,Tarde,47,0,85
23845,2026-07-27,Noche,96,1,37
23846,2026-07-28,Mediodia,75,1,93
23847,2026-07-28,Tarde,23,0,71
23848,2026-07-28,Noche,61,1,46
23849,2026-07-29,Mediodia,72,1,12
23850,2026-07-29,Tarde,23,1,17
23851,2026-07-29,Noche,23,0,66
23852,2026-07-30,Mediodia,42,0,01
23853,2026-07-30,Tarde,03,0,27
23854,2026-07-30,Noche,66,0,81
23855,2026-07-31,Mediodia,56,0,10
23856,2026-07-31,Tarde,78,0,51
23857,2026-07-31,Noche,96,1,49
23858,2026-08-01,Mediodia,09,0,63
23859,2026-08-01,Tarde,63,1,86
23860,2026-08-01,Noche,11,0,47
23861,2026-08-02,Mediodia,59,1,07
23862,2026-08-02,Tarde,62,0,86
23863,2026-08-02,Noche,07,0,60
23864,2026-08-03,Mediodia,82,1,16
23865,2026-08-03,Tarde,90,1,17
23866,2026-08-03,Noche,17,0,67
23867,2026-08-04,Mediodia,30,0,54
23868,2026-08-04,Tarde,40,0,59
23869,2026-08-04,Noche,71,0,03
23870,2026-08-05,Mediodia,31,0,75
23871,2026-08-05,Tarde,67,0,59
23872,2026-08-05,Noche,80,0,40
23873,2026-08-06,Mediodia,43,1,79
23874,2026-08-06,Tarde,16,0,91
23875,2026-08-06,Noche,91,0,12
23876,2026-08-07,Mediodia,85,0,00
23877,2026-08-07,Tarde,78,1,75
23878,2026-08-07,Noche,59,0,38
23879,2026-08-08,Mediodia,35,0,83
23880,2026-08-08,Tarde,92,0,57
23881,2026-08-08,Noche,28,0,98
23882,2026-08-09,Mediodia,77,1,13
23883,2026-08-09,Tarde,20,0,12
23884,2026-08-09,Noche,16,0,24
23885,2026-08-10,Mediodia,85,0,54
23886,2026-08-10,Tarde,80,0,05
23887,2026-08-10,Noche,97,0,18
23888,2026-08-11,Mediodia,09,0,75
23889,2026-08-11,Tarde,66,0,84
23890,2026-08-11,Noche,30,0,47
23891,2026-08-12,Mediodia,65,0,80
23892,2026-08-12,Tarde,61,0,46
23893,2026-08-12,Noche,06,0,56
23894,2026-08-13,Mediodia,89,1,02
23895,2026-08-13,Tarde,91,0,13
23896,2026-08-13,Noche,86,1,45
23897,2026-08-14,Mediodia,55,0,19
23898,2026-08-14,Tarde,09,1,72
23899,2026-08-14,Noche,68,0,23
23900,2026-08-15,Mediodia,39,0,02
23901,2026-08-15,Tarde,28,1,12
23902,2026-08-15,Noche,41,1,66
23903,2026-08-16,Mediodia,54,0,38
23904,2026-08-16,Tarde,61,0,76
23905,2026-08-16,Noche,12,0,24
23906,2026-08-17,Mediodia,04,1,50
23907,2026-08-17,Tarde,50,1,50
23908,2026-08-17,Noche,27,1,14
23909,2026-08-18,Mediodia,29,0,02
23910,2026-08-18,Tarde,89,1,03
23911,2026-08-18,Noche,93,0,01
23912,2026-08-19,Mediodia,49,0,41
23913,2026-08-19,Tarde,16,0,75
23914,2026-08-19,Noche,00,1,06
23915,2026-08-20,Mediodia,62,0,83
23916,2026-08-20,Tarde,05,1,06
23917,2026-08-20,Noche,00,0,91
23918,2026-08-21,Mediodia,81,0,11
23919,2026-08-21,Tarde,97,0,58
23920,2026-08-21,Noche,59,1,69
23921,2026-08-22,Mediodia,06,0,19
23922,2026-08-22,Tarde,07,0,54
23923,2026-08-22,Noche,32,0,79
23924,2026-08-23,Mediodia,17,0,42
23925,2026-08-23,Tarde,25,0,55
23926,2026-08-23,Noche,25,0,02
23927,2026-08-24,Mediodia,83,0,32
23928,2026-08-24,Tarde,64,0,90
23929,2026-08-24,Noche,62,0,01
23930,2026-08-25,Mediodia,67,0,69
23931,2026-08-25,Tarde,02,0,28
23932,2026-08-25,Noche,25,1,51
23933,2026-08-26,Mediodia,94,0,91
23934,2026-08-26,Tarde,70,1,85
23935,2026-08-26,Noche,12,0,05
23936,2026-08-27,Mediodia,57,1,91
23937,2026-08-27,Tarde,74,0,47
23938,2026-08-27,Noche,73,1,14
23939,2026-08-28,Mediodia,18,1,05
23940,2026-08-28,Tarde,61,1,37
23941,2026-08-28,Noche,09,0,19
23942,2026-08-29,Mediodia,05,0,28
23943,2026-08-29,Tarde,37,1,63
23944,2026-08-29,Noche,35,0,84
23945,2026-08-30,Mediodia,00,1,13
23946,2026-08-30,Tarde,06,0,05
23947,2026-08-30,Noche,72,0,90
23948,2026-08-31,Mediodia,13,1,35
23949,2026-08-31,Tarde,82,0,50
23950,2026-08-31,Noche,35,0,60
23951,2026-09-01,Mediodia,93,0,86
23952,2026-09-01,Tarde,35,0,78
23953,2026-09-01,Noche,95,1,65
23954,2026-09-02,Mediodia,41,0,43
23955,2026-09-02,Tarde,42,1,95
23956,2026-09-02,Noche,57,1,92
23957,2026-09-03,Mediodia,89,1,74
23958,2026-09-03,Tarde,43,0,86
23959,2026-09-03,Noche,87,0,02
23960,2026-09-04,Mediodia,43,0,10
23961,2026-09-04,Tarde,65,0,03
23962,2026-09-04,Noche,51,0,81
23963,2026-09-05,Mediodia,48,0,94
23964,2026-09-05,Tarde,40,0,96
23965,2026-09-05,Noche,87,1,31
23966,2026-09-06,Mediodia,20,0,12
23967,2026-09-06,Tarde,77,0,17
23968,2026-09-06,Noche,27,1,58
23969,2026-09-07,Mediodia,12,1,66
23970,2026-09-07,Tarde,24,0,80
23971,2026-09-07,Noche,30,0,85
23972,2026-09-08,Mediodia,62,1,75
23973,2026-09-08,Tarde,01,0,55
23974,2026-09-08,Noche,92,0,26
23975,2026-09-09,Mediodia,23,1,57
23976,2026-09-09,Tarde,66,0,40
23977,2026-09-09,Noche,04,0,82
23978,2026-09-10,Mediodia,92,1,37
23979,2026-09-10,Tarde,83,0,64
23984,2026-09-12,Mediodia,88,0,80
23985,2026-09-12,Tarde,05,0,83
23986,2026-09-12,Noche,20,1,79
23987,2026-09-13,Mediodia,86,0,29
23988,2026-09-13,Tarde,70,0,34
23989,2026-09-13,Noche,03,1,03
23990,2026-09-14,Mediodia,49,0,00
23991,2026-09-14,Tarde,26,1,56
23992,2026-09-14,Noche,32,0,53
23993,2026-09-15,Mediodia,93,0,90
23994,2026-09-15,Tarde,46,0,82
23995,2026-09-15,Noche,86,0,62
23996,2026-09-16,Mediodia,15,0,52
23997,2026-09-16,Tarde,82,1,62
23998,2026-09-16,Noche,06,1,21
23999,2026-09-17,Mediodia,64,1,52
24000,2026-09-17,Tarde,57,0,90
24001,2026-09-17,Noche,25,0,48
24002,2026-09-18,Mediodia,26,1,44
24003,2026-09-18,Tarde,88,0,06
24004,2026-09-18,Noche,19,1,85
24005,2026-09-19,Mediodia,84,0,09
24006,2026-09-19,Tarde,77,0,57
24007,2026-09-19,Noche,43,0,07
24008,2026-09-20,Mediodia,85,1,32
24009,2026-09-20,Tarde,76,0,15
24010,2026-09-20,Noche,50,0,52
24011,2026-09-21,Mediodia,98,0,21
24012,2026-09-21,Tarde,56,1,65
24013,2026-09-21,Noche,46,1,02
24014,2026-09-22,Mediodia,11,0,00
24015,2026-09-22,Tarde,65,1,01
24016,2026-09-22,Noche,95,1,96
24017,2026-09-23,Mediodia,65,0,33
24018,2026-09-23,Tarde,93,1,76
24019,2026-09-23,Noche,89,0,93
24020,2026-09-24,Mediodia,53,0,25
24021,2026-09-24,Tarde,47,1,18
24022,2026-09-24,Noche,03,0,22
24023,2026-09-25,Mediodia,31,1,74
24024,2026-09-25,Tarde,37,0,58
24025,2026-09-25,Noche,84,1,98
24026,2026-09-26,Mediodia,24,0,30
24027,2026-09-26,Tarde,39,0,00
24028,2026-09-26,Noche,85,0,23
24029,2026-09-27,Mediodia,80,1,86
24030,2026-09-27,Tarde,32,0,61
24031,2026-09-27,Noche,12,0,11
